time;seconds_elapsed;z;y;x;target
1682350000000000000,00;22155600000000,00;22995600000000000,00;-31381600000000000,00;20920600000000000,00;gehen
1682350000000000000,00;23156500000000,00;2293910000000000,00;-31049900000000000,00;21358300000000000,00;gehen
1682350000000000000,00;241570000000000,00;2312330000000000,00;-3042720000000000,00;21987100000000000,00;gehen
1682350000000000000,00;25157300000000,00;23069900000000000,00;-30088900000000000,00;22423500000000000,00;gehen
1682350000000000000,00;26157421875,00;3173900000000000,00;-3308080000000000,00;21359900000000000,00;gehen
1682350000000000000,00;2715750000000,00;3554100000000000,00;-35278100000000000,00;2202180000000000,00;gehen
1682350000000000000,00;281576000000,00;38311200000000000,00;-3684160000000000,00;22811900000000000,00;gehen
1682350000000000000,00;291576000000000,00;399992000000000,00;-3847270000000000,00;24553400000000000,00;gehen
1682350000000000000,00;30157700000000,00;39253700000000000,00;-4068250000000000,00;25986300000000000,00;gehen
1682350000000000000,00;31157700000000,00;3610060000000000,00;-417900000000000,00;26612000000000000,00;gehen
1682350000000000000,00;32157700000000,00;3080370000000000,00;-4186890000000000,00;2641220000000000,00;gehen
1682350000000000000,00;331576000000000,00;2271510000000000,00;-4083900000000000,00;26482900000000000,00;gehen
1682350000000000000,00;341576000000000,00;15440700000000000,00;-39038800000000000,00;26789400000000000,00;gehen
1682350000000000000,00;351576000000,00;8560890000000000,00;-3706300000000000,00;27027900000000000,00;gehen
1682350000000000000,00;361576000000,00;2924200000000000,00;-3643450000000000,00;28906100000000000,00;gehen
1682350000000000000,00;37157600000000,00;-1402750000000000,00;-3679620000000000,00;31475800000000000,00;gehen
1682350000000000000,00;381575000000000,00;-3074310000000000,00;-37585100000000000,00;3397610000000000,00;gehen
1682350000000000000,00;3915750000000,00;-7316970000000000,00;-3752840000000000,00;36635300000000000,00;gehen
1682350000000000000,00;401575000000000,00;4066450000000000,00;-37757900000000000,00;3747200000000000,00;gehen
1682350000000000000,00;411574000000000,00;8965190000000000,00;-391022000000000,00;3727430000000000,00;gehen
1682350000000000000,00;421574000000000,00;1288680000000000,00;-4094470000000000,00;36107400000000000,00;gehen
1682350000000000000,00;43157400000000,00;16497300000000000,00;-4218800000000000,00;341009000000000,00;gehen
1682350000000000000,00;441573000000000,00;17372200000000000,00;-4255470000000000,00;31792700000000000,00;gehen
1682350000000000000,00;45157300000000,00;15930500000000000,00;-4278870000000000,00;2782750000000000,00;gehen
1682350000000000000,00;461572000000000,00;13600200000000000,00;-4284030000000000,00;25466200000000000,00;gehen
1682350000000000000,00;4715710000000,00;10867800000000000,00;-4236090000000000,00;22483900000000000,00;gehen
1682350000000000000,00;48157100000000,00;9331080000000000,00;-4083780000000000,00;1995690000000000,00;gehen
1682350000000000000,00;491570000000000,00;8236400000000000,00;-39265300000000000,00;1822910000000000,00;gehen
1682350000000000000,00;501570000000000,00;774409000000000,00;-3776170000000000,00;17424000000000000,00;gehen
1682350000000000000,00;51156900000000,00;7185510000000000,00;-3611920000000000,00;1738840000000000,00;gehen
1682350000000000000,00;52156800000000,00;5602740000000000,00;-3441840000000000,00;18225700000000000,00;gehen
1682350000000000000,00;531567000000000,00;3600150000000000,00;-3305320000000000,00;1952650000000000,00;gehen
1682350000000000000,00;54156600000000,00;28298000000000000,00;-3120640000000000,00;20004400000000000,00;gehen
1682350000000000000,00;551565000000000,00;2159280000000000,00;-29779200000000000,00;2008520000000000,00;gehen
1682350000000000000,00;5615630000000,00;22469400000000000,00;-28257200000000000,00;2013930000000000,00;gehen
1682350000000000000,00;5715625,00;28418800000000000,00;-2734890000000000,00;20247800000000000,00;gehen
1682350000000000000,00;5815620000000,00;4104730000000000,00;-26836500000000000,00;2097080000000000,00;gehen
1682350000000000000,00;591560000000000,00;5838280000000000,00;-26456200000000000,00;21791600000000000,00;gehen
1682350000000000000,00;601559000000000,00;797175000000000,00;-26308400000000000,00;2246610000000000,00;gehen
1682350000000000000,00;61155800000000,00;9100780000000000,00;-2636970000000000,00;23231500000000000,00;gehen
1682350000000000000,00;621557000000000,00;9831010000000000,00;-26596100000000000,00;23741700000000000,00;gehen
1682350000000000000,00;6315560000000,00;11414100000000000,00;-2700610000000000,00;2435900000000000,00;gehen
1682350000000000000,00;651553000000000,00;17348800000000000,00;-27637300000000000,00;24849800000000000,00;gehen
1682350000000000000,00;66155200000000,00;20103600000000000,00;-2850250000000000,00;23934100000000000,00;gehen
1682350000000000000,00;67155100000000,00;2260690000000000,00;-29362900000000000,00;2243590000000000,00;gehen
1682350000000000000,00;6815500000000,00;2305630000000000,00;-29455400000000000,00;2071810000000000,00;gehen
1682350000000000000,00;691549000000000,00;22753100000000000,00;-28943600000000000,00;1836430000000000,00;gehen
1682350000000000000,00;701547000000000,00;2215360000000000,00;-281935000000000,00;16827300000000000,00;gehen
1682350000000000000,00;711546000000000,00;20867700000000000,00;-2806330000000000,00;16333800000000000,00;gehen
1682350000000000000,00;721545000000000,00;1924960000000000,00;-28071000000000000,00;1658720000000000,00;gehen
1682350000000000000,00;73154300000000,00;18303600000000000,00;-27469300000000000,00;17208800000000000,00;gehen
1682350000000000000,00;741542000000000,00;16903600000000000,00;-2673540000000000,00;1781580000000000,00;gehen
1682350000000000000,00;751541000000,00;16237700000000000,00;-2559630000000000,00;18541900000000000,00;gehen
1682350000000000000,00;761540000000000,00;16123200000000000,00;-25379700000000000,00;19055800000000000,00;gehen
1682350000000000000,00;771538000000000,00;15740100000000000,00;-2512650000000000,00;19270300000000000,00;gehen
1682350000000000000,00;781537000000,00;15711200000000000,00;-24759200000000000,00;18860700000000000,00;gehen
1682350000000000000,00;7915360000000,00;1657490000000000,00;-2471010000000000,00;18096400000000000,00;gehen
1682350000000000000,00;80153500000000,00;17883200000000000,00;-24069500000000000,00;17332200000000000,00;gehen
1682350000000000000,00;811533000000000,00;19460400000000000,00;-24861100000000000,00;18791000000000000,00;gehen
1682350000000000000,00;821532000000000,00;210386000000000,00;-2774500000000000,00;2089850000000000,00;gehen
1682350000000000000,00;831531000000000,00;2478270000000000,00;-3090400000000000,00;2247890000000000,00;gehen
1682350000000000000,00;84153000000000,00;3028290000000000,00;-32843000000000000,00;22367300000000000,00;gehen
1682350000000000000,00;8515280000000,00;3568560000000000,00;-34463500000000000,00;20715700000000000,00;gehen
1682350000000000000,00;86152734375,00;39823500000000000,00;-375181000000000,00;1968510000000000,00;gehen
1682350000000000000,00;871526000000000,00;4149110000000000,00;-4071180000000000,00;1851700000000000,00;gehen
1682350000000000000,00;881525000000000,00;4024300000000000,00;-4370270000000000,00;1704490000000000,00;gehen
1682350000000000000,00;8915234375,00;3658560000000000,00;-45066800000000000,00;14808300000000000,00;gehen
1682350000000000000,00;9015220000000,00;32480200000000000,00;-4512270000000000,00;12106300000000000,00;gehen
1682350000000000000,00;91152100000000,00;27338900000000000,00;-4424630000000000,00;10091700000000000,00;gehen
1682350000000000000,00;921520000000000,00;21500900000000000,00;-431706000000000,00;946906000000000,00;gehen
1682350000000000000,00;931518000000000,00;1527840000000000,00;-418319000000000,00;9290780000000000,00;gehen
1682350000000000000,00;941517000000000,00;938146000000000,00;-4019970000000000,00;9084880000000000,00;gehen
1682350000000000000,00;95151600000000,00;47708700000000000,00;-385923000000000,00;9199270000000000,00;gehen
1682350000000000000,00;9615150000000,00;4354380000000000,00;-37679100000000000,00;10262400000000000,00;gehen
1682350000000000000,00;971513000000000,00;-28110300000000000,00;-37442800000000000,00;11304600000000000,00;gehen
1682350000000000000,00;981512000000000,00;-4185200000000000,00;-3739630000000000,00;11704500000000000,00;gehen
1682350000000000000,00;991511000000000,00;-29947900000000000,00;-3848790000000000,00;12654000000000000,00;gehen
1682350000000000000,00;1001510000000,00;3456540000000000,00;-40655400000000000,00;13564900000000000,00;gehen
1682350000000000000,00;10115100000000,00;6635090000000000,00;-4356540000000000,00;14674400000000000,00;gehen
1682350000000000000,00;102151000000000,00;15504300000000000,00;-4712250000000000,00;1608200000000000,00;gehen
1682350000000000000,00;1031510000000000,00;2163630000000000,00;-49474300000000000,00;17137900000000000,00;gehen
1682350000000000000,00;1041500000000000,00;2543280000000000,00;-5082210000000000,00;17098900000000000,00;gehen
1682350000000000000,00;1051500000000000,00;2747660000000000,00;-5048690000000000,00;16527300000000000,00;gehen
1682350000000000000,00;1061500000000000,00;2648720000000000,00;-5007630000000000,00;15338400000000000,00;gehen
1682350000000000000,00;10715000000000,00;2369040000000000,00;-4968810000000000,00;15062400000000000,00;gehen
1682350000000000000,00;108150000000000,00;18842000000000000,00;-494352000000000,00;1527910000000000,00;gehen
1682350000000000000,00;109150000000000,00;13162100000000000,00;-4766840000000000,00;15483700000000000,00;gehen
1682350000000000000,00;11015000000000,00;8014600000000000,00;-4496760000000000,00;1491940000000000,00;gehen
1682350000000000000,00;1111500000000000,00;41803800000000000,00;-4245730000000000,00;14944600000000000,00;gehen
1682350000000000000,00;112149000000000,00;8909130000000000,00;-4139240000000000,00;1550650000000000,00;gehen
1682350000000000000,00;1131490000000000,00;-17270800000000000,00;-40214000000000000,00;1620190000000000,00;gehen
1682350000000000000,00;1141490000000000,00;-37499300000000000,00;-3859100000000000,00;15886700000000000,00;gehen
1682350000000000000,00;115149000000000,00;-563179000000000,00;-3693280000000000,00;15229900000000000,00;gehen
1682350000000000000,00;11614900000000,00;-7395110000000000,00;-3535950000000000,00;1471450000000000,00;gehen
1682350000000000000,00;117149000000,00;-8253770000000000,00;-33627400000000000,00;13953500000000000,00;gehen
1682350000000000000,00;1181490000000000,00;-8406860000000000,00;-32252700000000000,00;13112300000000000,00;gehen
1682350000000000000,00;1191490000000000,00;-7768160000000000,00;-3124930000000000,00;1287630000000000,00;gehen
1682350000000000000,00;1201484375,00;-6251420000000000,00;-30489200000000000,00;1306610000000000,00;gehen
1682350000000000000,00;1211480000000000,00;-38419200000000000,00;-29726000000000000,00;13812400000000000,00;gehen
1682350000000000000,00;122148000000000,00;-8537910000000000,00;-291243000000000,00;14345800000000000,00;gehen
1682350000000000000,00;1231480000000000,00;22396200000000000,00;-28517100000000000,00;14798600000000000,00;gehen
1682350000000000000,00;1241480000000000,00;5995650000000000,00;-2764300000000000,00;14610100000000000,00;gehen
1682350000000000000,00;1251480000000000,00;1003510000000000,00;-2695700000000000,00;15201500000000000,00;gehen
1682350000000000000,00;126148000000000,00;14408300000000000,00;-26887900000000000,00;16175000000000000,00;gehen
1682350000000000000,00;12714800000000,00;17928400000000000,00;-2717820000000000,00;16997800000000000,00;gehen
1682350000000000000,00;1281470000000,00;2034810000000000,00;-27984800000000000,00;17237100000000000,00;gehen
1682350000000000000,00;1291470000000000,00;23099500000000000,00;-28415600000000000,00;17255500000000000,00;gehen
1682350000000000000,00;1301470000000000,00;25012300000000000,00;-2852350000000000,00;17652600000000000,00;gehen
1682350000000000000,00;1311470000000,00;26243300000000000,00;-29263800000000000,00;19096600000000,00;gehen
1682350000000000000,00;1321470000000000,00;27107100000000000,00;-29700600000000000,00;19733900000000000,00;gehen
1682350000000000000,00;133147000000000,00;27569200000000000,00;-30528700000000000,00;19287900000000000,00;gehen
1682350000000000000,00;1341470000000000,00;276987000000000,00;-31374100000000000,00;17753100000000000,00;gehen
1682350000000000000,00;1351470000000000,00;2801520000000000,00;-3272490000000000,00;15970700000000000,00;gehen
1682350000000000000,00;1361460000000000,00;29012200000000000,00;-3395110000000000,00;13661900000000000,00;gehen
1682350000000000000,00;137146000000000,00;30607000000000000,00;-34829600000000000,00;1207300000000000,00;gehen
1682350000000000000,00;13814600000000,00;3227080000000000,00;-35796900000000000,00;11018500000000000,00;gehen
1682350000000000000,00;1391460000000000,00;3317670000000000,00;-36199600000000000,00;9159780000000000,00;gehen
1682350000000000000,00;140146000000000,00;33392300000000000,00;-35870300000000000,00;806968000000000,00;gehen
1682350000000000000,00;1411460000000000,00;3250240000000,00;-36412800000000000,00;7876940000000000,00;gehen
1682350000000000000,00;142146000000,00;31819700000000000,00;-36897400000000000,00;9950610000000000,00;gehen
1682350000000000000,00;14314600000000,00;32086300000000000,00;-3807300000000000,00;12140600000000000,00;gehen
1682350000000000000,00;1441460000000,00;33015000000000000,00;-38909100000000000,00;13002100000000000,00;gehen
1682350000000000000,00;1451450000000000,00;34218600000000000,00;-39926400000000000,00;12938200000000000,00;gehen
1682350000000000000,00;146145000000000,00;36140200000000000,00;-404686000000000,00;12583800000000000,00;gehen
1682350000000000000,00;147145000000000,00;36883300000000000,00;-4092410000000000,00;12332400000000000,00;gehen
1682350000000000000,00;1481450000000000,00;36856200000000000,00;-4066090000000000,00;11939400000000000,00;gehen
1682350000000000000,00;149145000000,00;35844800000000000,00;-4012470000000000,00;1243210000000000,00;gehen
1682350000000000000,00;15014500000000,00;33100800000000000,00;-39544200000000000,00;1367040000000000,00;gehen
1682350000000000000,00;1511450000000000,00;2804100000000000,00;-38661800000000000,00;15206400000000000,00;gehen
1682350000000000000,00;152145000000000,00;22096400000000000,00;-3716050000000000,00;15992400000000000,00;gehen
1682350000000000000,00;1531440000000000,00;15132500000000000,00;-355438000000000,00;16437100000000000,00;gehen
1682350000000000000,00;1541440000000000,00;8599790000000000,00;-3436930000000000,00;16863600000000000,00;gehen
1682350000000000000,00;15514400000000,00;30929000000000000,00;-33811300000000000,00;18222500000000000,00;gehen
1682350000000000000,00;1561440000000000,00;-15198900000000000,00;-33583300000000000,00;2042210000000000,00;gehen
1682350000000000000,00;1571440000000000,00;-32179700000000000,00;-33323300000000000,00;22201300000000000,00;gehen
1682350000000000000,00;158144000000000,00;-2138690000000000,00;-335067000000000,00;24810600000000000,00;gehen
1682350000000000000,00;1591440000000000,00;-15646000000000000,00;-35053600000000000,00;2877270000000000,00;gehen
1682350000000000000,00;16014400000000,00;35283500000000000,00;-366231000000000,00;3260260000000000,00;gehen
1682350000000000000,00;1611440000000,00;8577240000000000,00;-38432600000000000,00;35394400000000000,00;gehen
1682350000000000000,00;1621430000000000,00;1377510000000000,00;-4010380000000000,00;36049800000000000,00;gehen
1682350000000000000,00;163143000000000,00;18311800000000000,00;-4157510000000000,00;35285200000000000,00;gehen
1682350000000000000,00;1641430000000000,00;2091140000000000,00;-42517200000000000,00;3255750000000000,00;gehen
1682350000000000000,00;1651430000000000,00;21234600000000000,00;-4309040000000000,00;28682700000000000,00;gehen
1682350000000000000,00;16614296875,00;19560300000000000,00;-4321830000000000,00;23452800000000000,00;gehen
1682350000000000000,00;1671430000000000,00;15176200000000000,00;-4346930000000000,00;18998100000000000,00;gehen
1682350000000000000,00;1681430000000,00;9126500000000000,00;-4313960000000000,00;15578700000000000,00;gehen
1682350000000000000,00;1691430000000000,00;2962790000000000,00;-4131260000000000,00;13807600000000000,00;gehen
1682350000000000000,00;170143000000000,00;-3792130000000000,00;-3851400000000000,00;12911800000000000,00;gehen
1682350000000000000,00;1711420000000,00;-949277000000000,00;-3570780000000000,00;12964300000000000,00;gehen
1682350000000000000,00;17214200000000,00;-13784400000000000,00;-33208400000000000,00;1408180000000000,00;gehen
1682350000000000000,00;1731420000000000,00;-17359000000000000,00;-3113490000000000,00;15286800000000000,00;gehen
1682350000000000000,00;1741420000000000,00;-19693400000000000,00;-294999000000000,00;16107500000000000,00;gehen
1682350000000000000,00;1751420000000000,00;-1981080000000000,00;-28837300000000000,00;16416700000000000,00;gehen
1682350000000000000,00;1761420000000000,00;-17605500000000000,00;-2862090000000000,00;16410400000000000,00;gehen
1682350000000000000,00;1771420000000000,00;-14811100000000000,00;-2814440000000000,00;15776200000000000,00;gehen
1682350000000000000,00;17814200000000,00;-10902300000000000,00;-27556700000000000,00;14410500000000000,00;gehen
1682350000000000000,00;17914140625,00;-7257510000000000,00;-2709010000000000,00;13274300000000000,00;gehen
1682350000000000000,00;180141000000000,00;-4028000000000000,00;-27608700000000000,00;13448200000000000,00;gehen
1682350000000000000,00;1811410000000000,00;-13201500000000000,00;-2762520000000000,00;13809600000000000,00;gehen
1682350000000000000,00;182141000000,00;14772300000000000,00;-2738660000000000,00;14067900000000000,00;gehen
1682350000000000000,00;1831410000000000,00;5089600000000000,00;-27227200000000000,00;14576400000000000,00;gehen
1682350000000000000,00;184141000000000,00;8200250000000000,00;-27138900000000000,00;15034900000000000,00;gehen
1682350000000000000,00;1851410000000000,00;11742800000000000,00;-2727650000000000,00;14908900000000000,00;gehen
1682350000000000000,00;1861410000000000,00;14758900000000000,00;-2761030000000000,00;14165200000000000,00;gehen
1682350000000000000,00;1871400000000000,00;1796390000000000,00;-28264300000000000,00;13199200000000000,00;gehen
1682350000000000000,00;1881400000000000,00;20870400000000,00;-28914500000000000,00;11578300000000000,00;gehen
1682350000000000000,00;18914000000000,00;23388900000000000,00;-2943020000000000,00;9994980000000000,00;gehen
1682350000000000000,00;1901400000000000,00;25930700000000000,00;-29443500000000000,00;8701940000000000,00;gehen
1682350000000000000,00;191140000000000,00;28052100000000000,00;-294625000000000,00;7306690000000000,00;gehen
1682350000000000000,00;1921400000000000,00;29567800000000000,00;-29083700000000000,00;6220850000000000,00;gehen
1682350000000000000,00;1931400000000,00;3088060000000000,00;-28349600000000000,00;5747700000000000,00;gehen
1682350000000000000,00;194140000000000,00;3157100000000000,00;-28087000000000000,00;6153240000000000,00;gehen
1682350000000000000,00;195139000000000,00;3124870000000000,00;-28372300000000000,00;7056670000000000,00;gehen
1682350000000000000,00;1961390000000,00;2983610000000000,00;-27788900000000000,00;7492260000000000,00;gehen
1682350000000000000,00;1971390000000000,00;2764180000000000,00;-27302700000000000,00;802427000000000,00;gehen
1682350000000000000,00;1981390000000000,00;26605200000000000,00;-2725120000000000,00;9445670000000000,00;gehen
1682350000000000000,00;1991390000000000,00;2665120000000000,00;-27703800000000000,00;11438900000000000,00;gehen
1682350000000000000,00;20013900000000,00;2853880000000000,00;-28592100000000000,00;1352540000000000,00;gehen
1682350000000000000,00;201139000000000,00;32289900000000000,00;-3006380000000000,00;14902300000000000,00;gehen
1682350000000000000,00;202139000000000,00;3691390000000000,00;-32021800000000000,00;1521630000000000,00;gehen
1682350000000000000,00;2031380000000000,00;4161930000000000,00;-3452470000000000,00;1488980000000000,00;gehen
1682350000000000000,00;2041380000000000,00;4541790000000000,00;-37684100000000000,00;13810100000000000,00;gehen
1682350000000000000,00;205138000000000,00;474355000000000,00;-4121460000000000,00;1258320000000000,00;gehen
1682350000000000000,00;2061380000000000,00;4748140000000000,00;-4358790000000000,00;9893540000000000,00;gehen
1682350000000000000,00;207138000000,00;4538540000000000,00;-4425690000000000,00;7269630000000000,00;gehen
1682350000000000000,00;2081380000000000,00;40148800000000000,00;-44645200000000000,00;5395560000000000,00;gehen
1682350000000000000,00;2091380000000000,00;3149670000000000,00;-443989000000000,00;4379450000000000,00;gehen
1682350000000000000,00;2101380000000000,00;20645100000000000,00;-4282870000000000,00;4138150000000000,00;gehen
1682350000000000000,00;2111370000000000,00;8825980000000000,00;-4091290000000000,00;5403740000000000,00;gehen
1682350000000000000,00;212137000000000,00;-3160570000000000,00;-39473600000000000,00;6882770000000000,00;gehen
1682350000000000000,00;213137000000,00;-6957840000000000,00;-38215300000000000,00;9159770000000000,00;gehen
1682350000000000000,00;21413700000000,00;-10680100000000000,00;-36937700000000000,00;1088520000000000,00;gehen
1682350000000000000,00;215137000000000,00;-11374300000000000,00;-35855000000000000,00;12865700000000000,00;gehen
1682350000000000000,00;21613671875,00;-9255350000000000,00;-36397300000000000,00;15008900000000000,00;gehen
1682350000000000000,00;2171370000000000,00;-3505360000000000,00;-37818400000000000,00;17161400000000000,00;gehen
1682350000000000000,00;2181360000000000,00;25566700000000000,00;-4086320000000000,00;18386100000000000,00;gehen
1682350000000000000,00;2191360000000000,00;7203160000000000,00;-44256200000000000,00;18118400000000000,00;gehen
1682350000000000000,00;22013600000000,00;10422400000000000,00;-4688120000000000,00;1687250000000000,00;gehen
1682350000000000000,00;2211360000000,00;12778700000000000,00;-4798210000000000,00;14830100000000000,00;gehen
1682350000000000000,00;222136000000000,00;14435000000000000,00;-4848830000000000,00;12599000000000000,00;gehen
1682350000000000000,00;2231360000000000,00;157147000000000,00;-4858300000000000,00;10654300000000000,00;gehen
1682350000000000000,00;2241360000000000,00;16847900000000000,00;-4845620000000000,00;9229280000000000,00;gehen
1682350000000000000,00;2251360000000000,00;15834300000000000,00;-479376000000000,00;9287230000000000,00;gehen
1682350000000000000,00;226135000000000,00;12971300000000000,00;-473873000000000,00;10463900000000000,00;gehen
1682350000000000000,00;2271350000000,00;843602000000000,00;-4558420000000000,00;11625000000000000,00;gehen
1682350000000000000,00;2281350000000000,00;2922370000000000,00;-4320600000000000,00;1244220000000000,00;gehen
1682350000000000000,00;2291350000000000,00;-2508220000000000,00;-4154680000000000,00;13545400000000000,00;gehen
1682350000000000000,00;2301350000000000,00;-6754700000000000,00;-403569000000000,00;14454900000000000,00;gehen
1682350000000000000,00;23113500000000,00;-1017780000000000,00;-3892730000000000,00;14985200000000000,00;gehen
1682350000000000000,00;232135000000000,00;-1174390000000000,00;-37635800000000000,00;14811700000000000,00;gehen
1682350000000000000,00;233135000000000,00;-12376700000000000,00;-3608160000000000,00;14256900000000000,00;gehen
1682350000000000000,00;2341340000000000,00;-12231500000000000,00;-3473500000000000,00;13298300000000000,00;gehen
1682350000000000000,00;2351340000000000,00;-11001400000000000,00;-33956900000000000,00;12350300000000000,00;gehen
1682350000000000000,00;236134000000000,00;-995486000000000,00;-33300400000000000,00;11854900000000000,00;gehen
1682350000000000000,00;237134000000000,00;-8162380000000000,00;-33249500000000000,00;11284300000000000,00;gehen
1682350000000000000,00;238134000000,00;-5073040000000000,00;-3280330000000000,00;11227900000000000,00;gehen
1682350000000000000,00;2391340000000000,00;-20727900000000000,00;-3201330000000000,00;1056110000000000,00;gehen
1682350000000000000,00;2401340000000000,00;1083380000000000,00;-3121720000000000,00;1037390000000000,00;gehen
1682350000000000000,00;2411340000000000,00;48041500000000000,00;-31005100000000000,00;10735300000000000,00;gehen
1682350000000000000,00;24213300000000,00;8327670000000000,00;-31088700000000,00;1107770000000000,00;gehen
1682350000000000000,00;243133000000000,00;11730700000000000,00;-31281400000000000,00;11433900000000000,00;gehen
1682350000000000000,00;244133000000000,00;15179600000000000,00;-31557500000000000,00;11851000000000000,00;gehen
1682350000000000000,00;2451330000000000,00;17695800000000000,00;-3182460000000000,00;12382000000000000,00;gehen
1682350000000000000,00;2461330000000,00;20281500000000000,00;-3250940000000000,00;13406800000000000,00;gehen
1682350000000000000,00;2471330000000000,00;24348800000000000,00;-33537500000000000,00;14402900000000000,00;gehen
1682350000000000000,00;2481330000000000,00;2811770000000000,00;-34496800000000000,00;15634700000000000,00;gehen
1682350000000000000,00;2491330000000000,00;32374000000000000,00;-35483700000000000,00;1703260000000000,00;gehen
1682350000000000000,00;250133000000000,00;34876000000000000,00;-36295600000000000,00;17238800000000000,00;gehen
1682350000000000000,00;2511320000000000,00;3575550000000000,00;-3747270000000000,00;16440700000000000,00;gehen
1682350000000000000,00;252132000000000,00;34980000000000000,00;-3787810000000000,00;14343500000000000,00;gehen
1682350000000000000,00;253132000000000,00;33253900000000000,00;-3770770000000000,00;11823200000000000,00;gehen
1682350000000000000,00;2541320000000000,00;3055810000000000,00;-37612700000000000,00;1035590000000000,00;gehen
1682350000000000000,00;2551320000000000,00;2718430000000000,00;-37076300000000000,00;9724050000000000,00;gehen
1682350000000000000,00;2561320000000000,00;23636600000000000,00;-3584400000000000,00;998410000000000,00;gehen
1682350000000000000,00;2571320000000000,00;1974810000000000,00;-3397240000000000,00;10303200000000000,00;gehen
1682350000000000000,00;2581320000000000,00;15507600000000000,00;-30878800000000000,00;1024110000000000,00;gehen
1682350000000000000,00;2591320000000000,00;13327700000000000,00;-29069800000000000,00;11441500000000000,00;gehen
1682350000000000000,00;260132000000,00;10563900000000000,00;-28435200000000000,00;13098400000000000,00;gehen
1682350000000000000,00;26113200000000,00;8475460000000000,00;-27982700000000000,00;13900600000000000,00;gehen
1682350000000000000,00;2621310000000,00;8398030000000000,00;-28194500000000000,00;14953400000000000,00;gehen
1682350000000000000,00;2631310000000000,00;9465970000000000,00;-29910200000000000,00;16390800000000000,00;gehen
1682350000000000000,00;26413125,00;1345320000000000,00;-33426900000000000,00;1789400000000000,00;gehen
1682350000000000000,00;26513100000000,00;20524500000000000,00;-37865000000000000,00;18910500000000000,00;gehen
1682350000000000000,00;2661310000000,00;272044000000000,00;-4055830000000000,00;17325500000000000,00;gehen
1682350000000000000,00;2671310000000000,00;33345200000000000,00;-42087600000000000,00;13845000000000000,00;gehen
1682350000000000000,00;268131000000,00;36181300000000000,00;-4278170000000000,00;10346900000000000,00;gehen
1682350000000000000,00;26913100000000,00;3400200000000000,00;-4353360000000000,00;738288000000000,00;gehen
1682350000000000000,00;2701310000000000,00;26906500000000000,00;-4338320000000000,00;5730260000000000,00;gehen
1682350000000000000,00;2711310000000000,00;18745600000000000,00;-416803000000000,00;5578370000000000,00;gehen
1682350000000000000,00;2721300000000000,00;12418500000000000,00;-38924700000000000,00;7360370000000000,00;gehen
1682350000000000000,00;273130000000000,00;6976920000000000,00;-3697520000000000,00;10553400000000000,00;gehen
1682350000000000000,00;2741300000000000,00;4173400000000000,00;-35651300000000000,00;1473270000000000,00;gehen
1682350000000000000,00;2751300000000000,00;3101640000000000,00;-35052300000000000,00;19501300000000000,00;gehen
1682350000000000000,00;2761300000000000,00;3638600000000000,00;-35390800000000000,00;23042200000000000,00;gehen
1682350000000000000,00;27713000000000,00;5703950000000000,00;-3627840000000000,00;25008400000000000,00;gehen
1682350000000000000,00;2781300000000000,00;820125000000000,00;-3789200000000000,00;25410600000000000,00;gehen
1682350000000000000,00;279130000000000,00;10911600000000000,00;-3930860000000000,00;2467680000000000,00;gehen
1682350000000000000,00;280130000000000,00;1295340000000000,00;-39360100000000000,00;223881000000000,00;gehen
1682350000000000000,00;2811300000000000,00;13680200000000000,00;-39153200000000000,00;19398700000000000,00;gehen
1682350000000000000,00;2821290000000000,00;12634700000000000,00;-3874990000000000,00;16600300000000000,00;gehen
1682350000000000000,00;2831290000000000,00;10503300000000000,00;-3794500000000000,00;14868400000000000,00;gehen
1682350000000000000,00;2841290000000000,00;7534510000000000,00;-3657250000000000,00;13725800000000000,00;gehen
1682350000000000000,00;28512900000000,00;42054100000000000,00;-34615300000000000,00;13623100000000000,00;gehen
1682350000000000000,00;286129000000000,00;750875000000000,00;-323832000000000,00;14467800000000000,00;gehen
1682350000000000000,00;287129000000000,00;-22668900000000000,00;-29886600000000000,00;14989500000000000,00;gehen
1682350000000000000,00;28812900000000,00;-49585700000000000,00;-28324100000000000,00;15556500000000000,00;gehen
1682350000000000000,00;2891280000000000,00;-6687210000000000,00;-27511900000000000,00;16380300000000000,00;gehen
1682350000000000000,00;290128000000000,00;-8084460000000000,00;-27290900000000000,00;1697910000000000,00;gehen
1682350000000000000,00;2911280000000000,00;-860929000000000,00;-26447900000000000,00;16081100000000000,00;gehen
1682350000000000000,00;292128125,00;-6519920000000000,00;-25879400000000000,00;15176900000000000,00;gehen
1682350000000000000,00;2931280000000000,00;-46700000000000000,00;-25363800000000000,00;13233700000000000,00;gehen
1682350000000000000,00;2941280000000000,00;-21477500000000000,00;-25320700000000000,00;11719000000000000,00;gehen
1682350000000000000,00;2951280000000000,00;-8162210000000000,00;-25104700000000000,00;113430000000000,00;gehen
1682350000000000000,00;29612800000000,00;-28090500000000000,00;-2462050000000000,00;10903700000000000,00;gehen
1682350000000000000,00;297127000000000,00;-10928200000000000,00;-2392030000000000,00;1044740000000000,00;gehen
1682350000000000000,00;2981270000000000,00;-209198000000000,00;-2282720000000000,00;10411700000000000,00;gehen
1682350000000000000,00;29912700000000,00;1377570000000000,00;-22666000000000000,00;1049940000000000,00;gehen
1682350000000000000,00;3001270000000000,00;363861000000000,00;-22626800000000000,00;10893100000000000,00;gehen
1682350000000000000,00;301127000000000,00;7574810000000000,00;-22434300000000000,00;1054650000000000,00;gehen
1682350000000000000,00;30212700000000,00;11871900000000000,00;-2261340000000000,00;100474000000000,00;gehen
1682350000000000000,00;3031270000000,00;154865000000000,00;-23252900000000000,00;9589200000000000,00;gehen
1682350000000000000,00;304127000000000,00;17785900000000000,00;-2404080000000000,00;8601300000000000,00;gehen
1682350000000000000,00;3051260000000000,00;19738700000000000,00;-2434720000000000,00;6992990000000000,00;gehen
1682350000000000000,00;3061260000000000,00;21396700000000000,00;-24805000000000000,00;5692200000000000,00;gehen
1682350000000000000,00;3071260000000000,00;21728700000000000,00;-25301500000000000,00;5444340000000000,00;gehen
1682350000000000000,00;308126000000000,00;21455900000000000,00;-2546410000000000,00;5449320000000000,00;gehen
1682350000000000000,00;3091260000000000,00;20770300000000000,00;-2516890000000000,00;5930190000000000,00;gehen
1682350000000000000,00;31012600000000,00;19688700000000000,00;-24830500000000000,00;6965980000000000,00;gehen
1682350000000000000,00;3111260000000000,00;19468300000000000,00;-2468750000000000,00;7772820000000000,00;gehen
1682350000000000000,00;312126000000000,00;1975770000000000,00;-2446990000000000,00;7971680000000000,00;gehen
1682350000000000000,00;31312500000000,00;2007050000000000,00;-2401430000000000,00;7983640000000000,00;gehen
1682350000000000000,00;314125000000,00;20294800000000000,00;-2367890000000000,00;7553520000000000,00;gehen
1682350000000000000,00;3151250000000000,00;19846000000000000,00;-2421510000000000,00;7720720000000000,00;gehen
1682350000000000000,00;3161250000000000,00;21281600000000000,00;-2418680000000000,00;7941670000000000,00;gehen
1682350000000000000,00;317125,00;23544200000000000,00;-24817600000000000,00;9044250000000000,00;gehen
1682350000000000000,00;3181250000000000,00;2605850000000000,00;-26590000000000000,00;9709010000000000,00;gehen
1682350000000000000,00;319125000000000,00;29799000000000000,00;-286572000000,00;9613970000000000,00;gehen
1682350000000000000,00;320125000000,00;3365220000000000,00;-30811000000000000,00;8544180000000000,00;gehen
1682350000000000000,00;3211240000000000,00;36207100000000000,00;-32314400000000000,00;6385780000000000,00;gehen
1682350000000000000,00;322124000000000,00;37111700000000000,00;-34213300000000000,00;41770900000000000,00;gehen
1682350000000000000,00;3231240000000000,00;3653810000000000,00;-3623860000000000,00;37110900000000000,00;gehen
1682350000000000000,00;3241240000000000,00;3397790000000000,00;-376369000000000,00;38854700000000000,00;gehen
1682350000000000000,00;3251240000000000,00;29708900000000000,00;-3841320000000000,00;38371200000000000,00;gehen
1682350000000000000,00;3261240000000000,00;24704600000000000,00;-38757800000000000,00;37774100000000000,00;gehen
1682350000000000000,00;32712400000000,00;18712500000000000,00;-3822490000000000,00;30351100000000000,00;gehen
1682350000000000000,00;328124000000000,00;11894800000000000,00;-3719410000000000,00;2719240000000000,00;gehen
1682350000000000000,00;329123000000000,00;5717650000000000,00;-3638280000000000,00;2565130000000000,00;gehen
1682350000000000000,00;33012300000000,00;5635640000000000,00;-35688700000000000,00;2870960000000000,00;gehen
1682350000000000000,00;3311230000000000,00;-2760010000000,00;-34958500000000000,00;2988930000000000,00;gehen
1682350000000000000,00;332123000000000,00;-40424400000000000,00;-3439750000000000,00;3049080000000000,00;gehen
1682350000000000000,00;3331230000000000,00;-33336600000000000,00;-3517620000000000,00;4210500000000000,00;gehen
1682350000000000000,00;3341230000000,00;-2476510000000000,00;-3667430000000000,00;5836700000000000,00;gehen
1682350000000000000,00;3351230000000000,00;-45332900000000000,00;-3796990000000000,00;7501220000000000,00;gehen
1682350000000000000,00;336123000000000,00;24580000000000000,00;-4015840000000000,00;9488120000000000,00;gehen
1682350000000000000,00;3371220000000000,00;5842020000000000,00;-418755000000000,00;10677000000000000,00;gehen
1682350000000000000,00;33812200000000,00;8848800000000000,00;-4376230000000000,00;1210580000000000,00;gehen
1682350000000000000,00;339122000000000,00;11754000000000000,00;-45007800000000000,00;12332300000000000,00;gehen
1682350000000000000,00;3401220000000000,00;14263100000000000,00;-4519010000000000,00;11192400000000000,00;gehen
1682350000000000000,00;34112200000000,00;16362900000000000,00;-4513480000000000,00;9881840000000000,00;gehen
1682350000000000000,00;3421220000000000,00;1756090000000000,00;-4522060000000000,00;9143790000000000,00;gehen
1682350000000000000,00;343122000000000,00;1755930000000000,00;-4485500000000000,00;8488090000000000,00;gehen
1682350000000000000,00;34412200000000,00;15269800000000000,00;-4473450000000000,00;8437060000000000,00;gehen
1682350000000000000,00;345121000000,00;11039500000000000,00;-443563000000000,00;8817960000000000,00;gehen
1682350000000000000,00;3461210000000000,00;6197660000000000,00;-429976000000000,00;9112690000000000,00;gehen
1682350000000000000,00;3471210000000000,00;2595230000000000,00;-4063040000000000,00;95909600000000,00;gehen
1682350000000000000,00;3481210000000000,00;-4473110000000000,00;-38595200000000000,00;9524930000000000,00;gehen
1682350000000000000,00;34912100000000,00;-7637850000000000,00;-3665030000000000,00;9844640000000000,00;gehen
1682350000000000000,00;350121000000000,00;-9525250000000000,00;-35070700000000000,00;1013710000000000,00;gehen
1682350000000000000,00;3511210000000000,00;-1038420000000000,00;-34222600000000000,00;10069900000000000,00;gehen
1682350000000000000,00;35212100000000,00;-11632100000000000,00;-33162000000000000,00;9290380000000000,00;gehen
1682350000000000000,00;3531200000000000,00;-11235900000000000,00;-32241400000000,00;7854520000000000,00;gehen
1682350000000000000,00;354120000000000,00;-9796430000000000,00;-31410600000000000,00;6572770000000000,00;gehen
1682350000000000000,00;3551200000000000,00;-731532000000000,00;-30722800000000000,00;681220000000000,00;gehen
1682350000000000000,00;3561200000000,00;-47242100000000000,00;-30165500000000000,00;7546040000000000,00;gehen
1682350000000000000,00;35712000000000,00;-11318100000000000,00;-29463100000000000,00;8407110000000000,00;gehen
1682350000000000000,00;3581200000000000,00;24602900000000000,00;-2873930000000000,00;8850390000000000,00;gehen
1682350000000000000,00;3591200000000000,00;2298260000000000,00;-28549300000000000,00;8597640000000000,00;gehen
1682350000000000000,00;360120000000000,00;8424240000000000,00;-29189000000000000,00;8029760000000000,00;gehen
1682350000000000000,00;3611200000000000,00;12227700000000000,00;-29228100000000000,00;7626170000000000,00;gehen
1682350000000000000,00;36211900000000,00;15297800000000000,00;-29853300000000000,00;7609160000000000,00;gehen
1682350000000000000,00;3631190000000,00;16445900000000000,00;-30077300000000000,00;7540860000000000,00;gehen
1682350000000000000,00;3641190000000000,00;17334300000000000,00;-29414000000000000,00;7571290000000000,00;gehen
1682350000000000000,00;365119000000000,00;17933800000000000,00;-28235300000000000,00;8233280000000000,00;gehen
1682350000000000000,00;366119000000000,00;19066200000000000,00;-2767060000000000,00;1026620000000000,00;gehen
1682350000000000000,00;3671190000000000,00;2057320000000000,00;-27839800000000000,00;130623000000000,00;gehen
1682350000000000000,00;36811875,00;2171160000000000,00;-28517000000000000,00;14656900000000000,00;gehen
1682350000000000000,00;3691190000000000,00;22346500000000000,00;-292255000000000,00;1480660000000000,00;gehen
1682350000000000000,00;3701190000000000,00;22102400000000000,00;-29537300000000000,00;1345150000000000,00;gehen
1682350000000000000,00;371118000000000,00;20935100000000000,00;-2919140000000000,00;10991600000000000,00;gehen
1682350000000000000,00;3721180000000000,00;19892300000000000,00;-2875470000000000,00;8736010000000000,00;gehen
1682350000000000000,00;3731180000000,00;20329400000000000,00;-2807410000000000,00;6516730000000000,00;gehen
1682350000000000000,00;37411800000000,00;2094580000000000,00;-2697580000000000,00;5814750000000000,00;gehen
1682350000000000000,00;3751180000000000,00;21047100000000000,00;-263059000000000,00;6554240000000000,00;gehen
1682350000000000000,00;376118000000000,00;2178890000000000,00;-25838800000000000,00;7341320000000000,00;gehen
1682350000000000000,00;377118000000000,00;23498100000000000,00;-25420700000000000,00;7677430000000000,00;gehen
1682350000000000000,00;3781180000000000,00;25344900000000000,00;-26493100000000000,00;8413530000000000,00;gehen
1682350000000000000,00;37911700000000,00;2701520000000000,00;-28287100000000000,00;8674650000000000,00;gehen
1682350000000000000,00;3801170000000000,00;2822580000000000,00;-299223000000000,00;8104610000000000,00;gehen
1682350000000000000,00;3811170000000000,00;2915580000000000,00;-30621100000000000,00;6130390000000000,00;gehen
1682350000000000000,00;382117000000000,00;302505000000000,00;-30515800000000000,00;4256380000000000,00;gehen
1682350000000000000,00;3831170000000000,00;30514300000000000,00;-31152100000000000,00;3485720000000000,00;gehen
1682350000000000000,00;3841170000000000,00;3022320000000000,00;-31451700000000000,00;35415500000000000,00;gehen
1682350000000000000,00;385117000000,00;28504800000000000,00;-3151440000000000,00;3807110000000000,00;gehen
1682350000000000000,00;3861170000000000,00;2570780000000000,00;-31559200000000000,00;4411660000000000,00;gehen
1682350000000000000,00;3871170000000000,00;22442400000000000,00;-31157000000000000,00;48334600000000000,00;gehen
1682350000000000000,00;3881160000000000,00;1796940000000000,00;-3017510000000000,00;4824680000000000,00;gehen
1682350000000000000,00;3891160000000000,00;1336470000000000,00;-2885610000000000,00;4224010000000000,00;gehen
1682350000000000000,00;390116000000000,00;7740010000000000,00;-2829740000000000,00;4221980000000000,00;gehen
1682350000000000000,00;391116000000,00;16457600000000000,00;-28039500000000000,00;5448500000000000,00;gehen
1682350000000000000,00;39211600000000,00;-3796420000000000,00;-27927400000000000,00;6730640000000000,00;gehen
1682350000000000000,00;3931160000000000,00;-7407640000000000,00;-2734910000000000,00;7386920000000000,00;gehen
1682350000000000000,00;3941160000000000,00;-9407410000000000,00;-271405000000000,00;8658570000000000,00;gehen
1682350000000000000,00;39511600000000,00;-8270660000000000,00;-26753800000000000,00;9776420000000000,00;gehen
1682350000000000000,00;3961150000000,00;-5702010000000000,00;-2741770000000000,00;1203920000000000,00;gehen
1682350000000000000,00;397115000000000,00;-27687500000000000,00;-29568100000000000,00;15071800000000000,00;gehen
1682350000000000000,00;3981150000000000,00;60530700000000000,00;-32297300000000000,00;17987600000000000,00;gehen
1682350000000000000,00;3991150000000,00;394928000000000,00;-34839300000000000,00;2020980000000000,00;gehen
1682350000000000000,00;4001150000000000,00;9094010000000000,00;-36575800000000000,00;19372400000000000,00;gehen
1682350000000000000,00;401115000000000,00;12048700000000000,00;-3736490000000000,00;1723820000000000,00;gehen
1682350000000000000,00;4021150000000,00;12269600000000000,00;-3815180000000000,00;13764600000000000,00;gehen
1682350000000000000,00;40311500000000,00;10620700000000000,00;-38828900000000000,00;9763880000000000,00;gehen
1682350000000000000,00;404114000000000,00;9030620000000000,00;-38254900000000000,00;6388770000000000,00;gehen
1682350000000000000,00;4051140000000000,00;6751830000000000,00;-380271000000000,00;42714800000000000,00;gehen
1682350000000000000,00;40611400000000,00;3405770000000000,00;-3680160000000000,00;3515310000000000,00;gehen
1682350000000000000,00;4071140000000000,00;-9298320000000000,00;-3512380000000000,00;3181060000000000,00;gehen
1682350000000000000,00;408114000000000,00;-36229800000000000,00;-32835700000000000,00;3056990000000000,00;gehen
1682350000000000000,00;4091140000000000,00;-6354270000000000,00;-30127600000000000,00;3413610000000000,00;gehen
1682350000000000000,00;4101140000000000,00;-7759500000000000,00;-27337800000000000,00;46409700000000000,00;gehen
1682350000000000000,00;4111140000000000,00;-9178620000000000,00;-25952400000000000,00;6254470000000000,00;gehen
1682350000000000000,00;412113000000000,00;-9777260000000000,00;-2556210000000000,00;6884560000000000,00;gehen
1682350000000000000,00;41311328125,00;-9607560000000000,00;-25268200000000000,00;6880860000000000,00;gehen
1682350000000000000,00;4141130000000000,00;-8985510000000000,00;-24913100000000000,00;6304150000000000,00;gehen
1682350000000000000,00;415113000000000,00;-6857300000000000,00;-25016000000000000,00;5365470000000000,00;gehen
1682350000000000000,00;4161130000000000,00;-48697600000000000,00;-2531140000000000,00;5865470000000000,00;gehen
1682350000000000000,00;41711300000000,00;-28531600000000000,00;-2481630000000000,00;6643870000000000,00;gehen
1682350000000000000,00;4181130000000000,00;33597900000000000,00;-2450900000000000,00;7171390000000000,00;gehen
1682350000000000000,00;419113000000000,00;2935220000000000,00;-2402830000000000,00;8298510000000000,00;gehen
1682350000000000000,00;42011200000000,00;5325980000000000,00;-23658800000000000,00;9102110000000000,00;gehen
1682350000000000000,00;4211120000000000,00;7782710000000000,00;-23383300000000000,00;974454000000000,00;gehen
1682350000000000000,00;4221120000000000,00;9904420000000000,00;-23019900000000000,00;9537610000000000,00;gehen
1682350000000000000,00;4231120000000000,00;11576100000000000,00;-23009300000000000,00;931844000000000,00;gehen
1682350000000000000,00;4241120000000,00;1254240000000000,00;-23103600000000000,00;8947590000000000,00;gehen
1682350000000000000,00;425112000000000,00;12611500000000000,00;-23186100000000000,00;7936580000000000,00;gehen
1682350000000000000,00;426112000000000,00;1254920000000000,00;-22972800000000000,00;6491840000000000,00;gehen
1682350000000000000,00;4271120000000,00;12595300000000000,00;-23043200000000000,00;46285400000000000,00;gehen
1682350000000000000,00;428111000000000,00;12867500000000000,00;-2296860000000000,00;29070200000000000,00;gehen
1682350000000000000,00;4291110000000000,00;13146100000000000,00;-22916100000000000,00;20039000000000000,00;gehen
1682350000000000000,00;4301110000000,00;13405800000000000,00;-233897000000000,00;22934100000000000,00;gehen
1682350000000000000,00;4311110000000000,00;14245400000000000,00;-23601000000000000,00;3845780000000000,00;gehen
1682350000000000000,00;4321110000000000,00;1511310000000000,00;-2273190000000000,00;4773370000000000,00;gehen
1682350000000000000,00;4331110000000,00;1579200000000000,00;-2245080000000000,00;5469590000000000,00;gehen
1682350000000000000,00;4341110000000000,00;16142700000000000,00;-22348800000000000,00;5406970000000000,00;gehen
1682350000000000000,00;435110000000000,00;16576500000000000,00;-22545500000000000,00;5634570000000000,00;gehen
1682350000000000000,00;4361100000000000,00;17088500000000000,00;-22603200000000000,00;6383950000000000,00;gehen
1682350000000000000,00;4371100000000000,00;18664400000000000,00;-23288100000000000,00;8093810000000000,00;gehen
1682350000000000000,00;4381470000000000,00;2182380000000000,00;-2453480000000000,00;9778800000000000,00;gehen
1682350000000000000,00;4391470000000000,00;27141200000000000,00;-2620820000000000,00;9999070000000000,00;gehen
1682350000000000000,00;4401470000000000,00;32961300000000000,00;-27788000000000000,00;9034560000000000,00;gehen
1682350000000000000,00;441146000000,00;37316800000000000,00;-29290700000000000,00;7125920000000000,00;gehen
1682350000000000000,00;442146000000000,00;401031000000000,00;-32203600000000000,00;43656900000000000,00;gehen
1682350000000000000,00;443146000000000,00;39278700000000000,00;-3524800000000000,00;32827200000000000,00;gehen
1682350000000000000,00;4441460000000000,00;3599290000000000,00;-3742670000000000,00;19381500000000000,00;gehen
1682350000000000000,00;44514600000000,00;3007050000000000,00;-37369800000000000,00;-9943250000000000,00;gehen
1682350000000000000,00;4461460000000000,00;2307700000000000,00;-36441900000000000,00;-9826890000000000,00;gehen
1682350000000000000,00;447146000000000,00;16257800000000000,00;-35293300000000000,00;-11309800000000000,00;gehen
1682350000000000000,00;44814600000000,00;9651170000000000,00;-3393520000000000,00;-7176430000000000,00;gehen
1682350000000000000,00;4491450000000000,00;2924480000000000,00;-32789400000000000,00;-5703590000000000,00;gehen
1682350000000000000,00;4501450000000000,00;-2004720000000000,00;-3242160000000000,00;-29524800000000000,00;gehen
1682350000000000000,00;4511450000000000,00;-4729140000000000,00;-3246160000000000,00;1667310000000000,00;gehen
1682350000000000000,00;4521450000000,00;-5206310000000000,00;-3249000000000000,00;9534670000000000,00;gehen
1682350000000000000,00;453145000000000,00;-3154000000000000,00;-33311900000000000,00;2345350000000000,00;gehen
1682350000000000000,00;454145000000000,00;141754000000000,00;-3483400000000000,00;39320900000000000,00;gehen
1682350000000000000,00;4551450000000,00;3408990000000000,00;-37146000000000000,00;630909000000000,00;gehen
1682350000000000000,00;4561450000000000,00;6517970000000000,00;-39661400000000000,00;8546670000000000,00;gehen
1682350000000000000,00;457144000000000,00;8775250000000000,00;-4110780000000000,00;10247300000000000,00;gehen
1682350000000000000,00;458144000000000,00;11228000000000000,00;-4141700000000000,00;11381100000000000,00;gehen
1682350000000000000,00;45914400000000,00;1295660000000000,00;-4173840000000000,00;12302000000000000,00;gehen
1682350000000000000,00;460144000000,00;14182600000000000,00;-4209290000000000,00;1235860000000000,00;gehen
1682350000000000000,00;46114400000000,00;1464920000000000,00;-4243740000000000,00;11987800000000000,00;gehen
1682350000000000000,00;4621440000000,00;14293900000000000,00;-4197150000000000,00;10545300000000000,00;gehen
1682350000000000000,00;4631440000000000,00;12864300000000000,00;-4117370000000000,00;9285540000000000,00;gehen
1682350000000000000,00;464144000000000,00;9820180000000000,00;-3983280000000000,00;8823560000000000,00;gehen
1682350000000000000,00;4651440000000000,00;5050580000000000,00;-38118100000000000,00;8905680000000000,00;gehen
1682350000000000000,00;466144000000000,00;-57808900000000000,00;-3642920000000000,00;9202930000000000,00;gehen
1682350000000000000,00;467143000000000,00;-7383180000000000,00;-3461670000000000,00;10267700000000000,00;gehen
1682350000000000000,00;4681430000000000,00;-1356180000000000,00;-32204200000000000,00;11028400000000000,00;gehen
1682350000000000000,00;4691430000000000,00;-18394500000000000,00;-30498100000000000,00;11493400000000000,00;gehen
1682350000000000000,00;4701430000000000,00;-20656700000000000,00;-2870070000000000,00;11968400000000000,00;gehen
1682350000000000000,00;4711430000000000,00;-21348000000000000,00;-27691300000000000,00;1123840000000000,00;gehen
1682350000000000000,00;4721430000000000,00;-20021600000000000,00;-2695010000000000,00;928265000000000,00;gehen
1682350000000000000,00;4731430000000000,00;-17271400000000000,00;-2681640000000000,00;7384960000000000,00;gehen
1682350000000000000,00;4741430000000,00;-14575700000000000,00;-26491000000000000,00;6547490000000000,00;gehen
1682350000000000000,00;47514300000000,00;-11471900000000000,00;-25949100000000000,00;6367950000000000,00;gehen
1682350000000000000,00;4761430000000000,00;-7713920000000000,00;-24937200000000000,00;6521860000000000,00;gehen
1682350000000000000,00;47714200000000,00;-41620500000000000,00;-24320100000000000,00;7247870000000000,00;gehen
1682350000000000000,00;4781420000000,00;-1006940000000000,00;-2388340000000000,00;8115100000000000,00;gehen
1682350000000000000,00;47914200000000,00;2477860000000000,00;-2335030000000000,00;8827830000000000,00;gehen
1682350000000000000,00;4801420000000000,00;5772870000000000,00;-2261140000000000,00;9518600000000000,00;gehen
1682350000000000000,00;48114200000000,00;10075100000000000,00;-22457900000000000,00;9536130000000000,00;gehen
1682350000000000000,00;4821420000000,00;1370680000000000,00;-2305560000000000,00;10214300000000000,00;gehen
1682350000000000000,00;4831420000000000,00;16434900000000000,00;-2427230000000000,00;10503200000000000,00;gehen
1682350000000000000,00;4841420000000000,00;17742700000000000,00;-25332000000000000,00;1095260000000000,00;gehen
1682350000000000000,00;4851420000000000,00;17827700000000000,00;-26501000000000000,00;11543000000000000,00;gehen
1682350000000000000,00;486142000000000,00;17475900000000000,00;-26736500000000000,00;12075000000000000,00;gehen
1682350000000000000,00;487142000000000,00;1729760000000000,00;-2785150000000000,00;12108700000000000,00;gehen
1682350000000000000,00;4881410000000000,00;17686400000000000,00;-28544300000000000,00;12184600000000000,00;gehen
1682350000000000000,00;4891410000000000,00;1877230000000000,00;-2909700000000000,00;10529500000000000,00;gehen
1682350000000000000,00;4901410000000000,00;21008100000000000,00;-29762900000000000,00;8072250000000000,00;gehen
1682350000000000000,00;49114100000000,00;228440000000000,00;-30481700000000000,00;5658290000000000,00;gehen
1682350000000000000,00;4921410000000000,00;24481600000000000,00;-3032120000000000,00;3296280000000000,00;gehen
1682350000000000000,00;4931410000000000,00;2528450000000000,00;-29386900000000000,00;17397100000000000,00;gehen
1682350000000000000,00;494141000000000,00;23777600000000000,00;-27685000000000000,00;9112780000000000,00;gehen
1682350000000000000,00;4951410000000000,00;21523800000000000,00;-2617260000000000,00;2225940000000000,00;gehen
1682350000000000000,00;49614100000000,00;19480300000000000,00;-25620200000000000,00;5741720000000000,00;gehen
1682350000000000000,00;4971400000000000,00;1978020000000000,00;-25898100000000000,00;796634000000000,00;gehen
1682350000000000000,00;498140000000000,00;21485500000000000,00;-2702680000000000,00;9743350000000000,00;gehen
1682350000000000000,00;49914000000000,00;24654400000000000,00;-28400700000000000,00;10898700000000000,00;gehen
1682350000000000000,00;5001400000000000,00;27711100000000000,00;-302769000000000,00;11207900000000000,00;gehen
1682350000000000000,00;501140000000000,00;3079350000000000,00;-31330900000000000,00;10741500000000000,00;gehen
1682350000000000000,00;5021400000000000,00;3305870000000000,00;-31946900000000000,00;1018050000000000,00;gehen
1682350000000000000,00;5031400000000000,00;33992200000000000,00;-32795800000000000,00;9710150000000000,00;gehen
1682350000000000000,00;504140000000000,00;33085500000000000,00;-3308300000000000,00;9962880000000000,00;gehen
1682350000000000000,00;5051390000000000,00;2916500000000000,00;-32602400000000000,00;9658610000000000,00;gehen
1682350000000000000,00;5061390000000,00;22298700000000000,00;-3116140000000000,00;9130660000000000,00;gehen
1682350000000000000,00;5071390000000000,00;13986100000000000,00;-2931880000000000,00;8901360000000000,00;gehen
1682350000000000000,00;508139000000000,00;6069090000000000,00;-2745300000000000,00;8796220000000000,00;gehen
1682350000000000000,00;5091390000000000,00;-6122590000000000,00;-2657560000000000,00;9168150000000000,00;gehen
1682350000000000000,00;51013900000000,00;-5038700000000000,00;-2674350000000000,00;9885840000000000,00;gehen
1682350000000000000,00;511139000000000,00;-6594700000000000,00;-27550800000000000,00;1123480000000000,00;gehen
1682350000000000000,00;512139000000000,00;-5208650000000000,00;-28242400000000000,00;11988700000000000,00;gehen
1682350000000000000,00;51313800000000,00;-21976300000000000,00;-2947310000000000,00;14342300000000000,00;gehen
1682350000000000000,00;5141380000000000,00;12169500000000000,00;-3185610000000000,00;17311600000000000,00;gehen
1682350000000000000,00;515138000000000,00;43125300000000000,00;-34375700000000000,00;19691600000000000,00;gehen
1682350000000000000,00;5161380000000000,00;6319250000000000,00;-3589890000000000,00;20301800000000000,00;gehen
1682350000000000000,00;517138000000,00;7681670000000000,00;-36607300000000000,00;19843600000000000,00;gehen
1682350000000000000,00;5181380000000000,00;7565740000000000,00;-3702860000000000,00;18416400000000000,00;gehen
1682350000000000000,00;5191380000000000,00;5902320000000000,00;-3735570000000000,00;16467700000000000,00;gehen
1682350000000000000,00;5201380000000000,00;2956860000000000,00;-3672790000000000,00;1436560000000000,00;gehen
1682350000000000000,00;52113700000000,00;-50045000000000000,00;-35631500000000000,00;1268420000000000,00;gehen
1682350000000000000,00;522137000000000,00;-3726320000000000,00;-34244700000000000,00;11440000000000000,00;gehen
1682350000000000000,00;5231370000000000,00;-6914490000000000,00;-3219130000000000,00;10495800000000000,00;gehen
1682350000000000000,00;52413700000000,00;-10240700000000000,00;-3011540000000000,00;9683880000000000,00;gehen
1682350000000000000,00;5251370000000000,00;-12873800000000000,00;-28732300000000000,00;9378680000000000,00;gehen
1682350000000000000,00;526137000000000,00;-1450920000000000,00;-27723400000000000,00;894026000000000,00;gehen
1682350000000000000,00;1668640000000000,00;29716000000000000,00;-16697500000000000,00;8515010000000000,00;rennen
1682350000000000000,00;167864000000000,00;32520000000000000,00;-16381200000000000,00;8391720000000000,00;rennen
1682350000000000000,00;168863000000000,00;3316970000000000,00;-1648390000000000,00;8692940000000000,00;rennen
1682350000000000000,00;1698630000000000,00;44797600000000000,00;-1661860000000000,00;9034810000000000,00;rennen
1682350000000000000,00;17086300000000,00;45603100000000000,00;-1664540000000000,00;953519000000000,00;rennen
1682350000000000000,00;1718630000000000,00;502131000000000,00;-17173800000000000,00;960358000000000,00;rennen
1682350000000000000,00;1728630000000000,00;6323460000000000,00;-1740020000000000,00;9240230000000000,00;rennen
1682350000000000000,00;173863000000000,00;5883710000000000,00;-17563900000000000,00;8450820000000000,00;rennen
1682350000000000000,00;174863000000000,00;4903080000000000,00;-17389000000000000,00;718926000000000,00;rennen
1682350000000000000,00;1758630000000000,00;4033240000000000,00;-16602400000000000,00;6515500000000000,00;rennen
1682350000000000000,00;1768620000000000,00;2404930000000000,00;-16245000000000000,00;6587630000000000,00;rennen
1682350000000000000,00;177862000000000,00;30007200000000000,00;-16300600000000000,00;9294620000000000,00;rennen
1682350000000000000,00;1788620000000000,00;3541750000000000,00;-15872400000000000,00;10463900000000000,00;rennen
1682350000000000000,00;179862000000,00;4409500000000000,00;-1561560000000000,00;9889500000000000,00;rennen
1682350000000000000,00;1808620000000000,00;4032020000000000,00;-1628520000000000,00;8930080000000000,00;rennen
1682350000000000000,00;1818620000000000,00;43730600000000000,00;-16591700000000000,00;7770810000000000,00;rennen
1682350000000000000,00;1828620000000000,00;3804650000000000,00;-1680210000000000,00;6639350000000000,00;rennen
1682350000000000000,00;1838620000000000,00;3715230000000000,00;-16727500000000000,00;7058330000000000,00;rennen
1682350000000000000,00;184861000000000,00;26443000000000000,00;-16415400000000000,00;809399000000000,00;rennen
1682350000000000000,00;185861000000,00;1885400000000000,00;-1586230000000000,00;8807460000000000,00;rennen
1682350000000000000,00;18686100000000,00;1412680000000000,00;-1534800000000000,00;8940520000000000,00;rennen
1682350000000000000,00;187861000000000,00;13901600000000000,00;-15127800000000000,00;8554910000000000,00;rennen
1682350000000000000,00;1888610000000000,00;2055500000000000,00;-1541580000000000,00;8042740000000000,00;rennen
1682350000000000000,00;18986100000000,00;2523980000000000,00;-15597100000000000,00;7822040000000000,00;rennen
1682350000000000000,00;1908610000000000,00;2727690000000000,00;-15610700000000000,00;7202130000000000,00;rennen
1682350000000000000,00;191861000000000,00;25730200000000000,00;-1610790000000000,00;6980800000000000,00;rennen
1682350000000000000,00;1928600000000000,00;2585000000000000,00;-1657890000000000,00;7401890000000000,00;rennen
1682350000000000000,00;1938600000000000,00;35295900000000000,00;-16256200000000000,00;7868960000000000,00;rennen
1682350000000000000,00;1948600000000000,00;46896800000000000,00;-15906400000000000,00;8320910000000000,00;rennen
1682350000000000000,00;1958600000000000,00;43197000000000000,00;-16112600000000000,00;8131470000000000,00;rennen
1682350000000000000,00;1968600000000,00;37389700000000000,00;-16165700000000000,00;7918890000000000,00;rennen
1682350000000000000,00;19786000000000,00;2622410000000000,00;-14618500000000000,00;6685560000000000,00;rennen
1682350000000000000,00;198860000000000,00;15377300000000000,00;-13280900000000000,00;6108960000000000,00;rennen
1682350000000000000,00;1998600000000000,00;854349000000000,00;-11997600000000000,00;64094100000000,00;rennen
1682350000000000000,00;2008590000000000,00;3690050000000000,00;-10611100000000000,00;6229050000000000,00;rennen
1682350000000000000,00;2018590000000000,00;4566380000000000,00;-9470910000000000,00;5445250000000000,00;rennen
1682350000000000000,00;202859000000000,00;1254430000000000,00;-9047140000000000,00;41323900000000000,00;rennen
1682350000000000000,00;20385900000000,00;8410450000000000,00;-8824380000000000,00;3406870000000000,00;rennen
1682350000000000000,00;2048590000000000,00;2180770000000000,00;-7769060000000000,00;3106130000000000,00;rennen
1682350000000000000,00;2058590000000000,00;-6659510000000000,00;-6621360000000000,00;2889020000000000,00;rennen
1682350000000000000,00;2068590000000000,00;-11225400000000000,00;-6228310000000000,00;26696900000000000,00;rennen
1682350000000000000,00;20785859375,00;-10614600000000000,00;-5920840000000000,00;18599500000000000,00;rennen
1682350000000000000,00;208858000000000,00;-22446600000000000,00;-5877770000000000,00;10180500000000000,00;rennen
1682350000000000000,00;209858000000000,00;11617100000000000,00;-6032820000000000,00;15230400000000000,00;rennen
1682350000000000000,00;2108580000000000,00;2595940000000000,00;-5182570000000000,00;19686500000000000,00;rennen
1682350000000000000,00;2118580000000000,00;2930760000000000,00;-5264790000000000,00;22825100000000000,00;rennen
1682350000000000000,00;2128580000000000,00;2289140000000000,00;-5130750000000000,00;27584500000000000,00;rennen
1682350000000000000,00;2138580000000000,00;-7012370000000000,00;-49052800000000000,00;2973180000000000,00;rennen
1682350000000000000,00;21485800000000,00;-15144900000000000,00;-45748100000000000,00;28590300000000000,00;rennen
1682350000000000000,00;2158580000000000,00;-23584500000000000,00;-45902400000000000,00;31490000000000000,00;rennen
1682350000000000000,00;216857000000000,00;-25341300000000000,00;-4421150000000000,00;3431710000000000,00;rennen
1682350000000000000,00;2178570000000000,00;-2497420000000000,00;-42252800000000000,00;32976300000000000,00;rennen
1682350000000000000,00;2188570000000000,00;-2798960000000000,00;-42213900000000000,00;32591900000000000,00;rennen
1682350000000000000,00;219857000000000,00;-29840900000000000,00;-4195860000000000,00;3659280000000000,00;rennen
1682350000000000000,00;2208570000000000,00;-11387800000000000,00;-4071470000000000,00;3835190000000000,00;rennen
1682350000000000000,00;2218570000000,00;7928850000000000,00;-3991500000000000,00;3569700000000000,00;rennen
1682350000000000000,00;222857000000000,00;12232600000000000,00;-4326950000000000,00;3424230000000000,00;rennen
1682350000000000000,00;22385700000000,00;12674900000000000,00;-41384200000000000,00;3328090000000000,00;rennen
1682350000000000000,00;2248560000000,00;8842660000000000,00;-3774240000000000,00;3156510000000000,00;rennen
1682350000000000000,00;225856000000000,00;-5958080000000000,00;-3458910000000000,00;320962000000000,00;rennen
1682350000000000000,00;2268560000000000,00;-19527500000000000,00;-2950710000000000,00;34453700000000000,00;rennen
1682350000000000000,00;2278560000000,00;-2901440000000000,00;-25480200000000000,00;36688800000000000,00;rennen
1682350000000000000,00;2288560000000000,00;-3564030000000000,00;-28329300000000000,00;4698820000000000,00;rennen
1682350000000000000,00;229856000000000,00;-3296170000000000,00;-311878000000000,00;4655360000000000,00;rennen
1682350000000000000,00;2308560000000000,00;-19308800000000000,00;-2941290000000000,00;35127500000000000,00;rennen
1682350000000000000,00;2318560000000000,00;-9763050000000000,00;-36913000000000000,00;3274960000000000,00;rennen
1682350000000000000,00;2328550000000000,00;-3595160000000000,00;-3990320000000000,00;26306900000000000,00;rennen
1682350000000000000,00;2338550000000000,00;-17396000000000000,00;-3878080000000000,00;16252300000000000,00;rennen
1682350000000000000,00;23485500000000,00;-440674000000,00;-3753790000000000,00;11356400000000000,00;rennen
1682350000000000000,00;2358550000000000,00;-5606370000000000,00;-3214030000000000,00;1067260000000000,00;rennen
1682350000000000000,00;236855000000000,00;-15407800000000000,00;-3020320000000000,00;1951920000000000,00;rennen
1682350000000000000,00;2378550000000000,00;-19930000000000000,00;-2553060000000000,00;24479400000000000,00;rennen
1682350000000000000,00;2388546875,00;-23255500000000000,00;-23086400000000000,00;3385490000000000,00;rennen
1682350000000000000,00;2398550000000000,00;-29222900000000000,00;-25944100000000000,00;38004100000000000,00;rennen
1682350000000000000,00;240854000000000,00;-3663030000000000,00;-2806920000000000,00;36997100000000000,00;rennen
1682350000000000000,00;2418540000000000,00;-33997200000000000,00;-2667780000000000,00;26765900000000000,00;rennen
1682350000000000000,00;2428540000000000,00;-2780110000000000,00;-3241410000000000,00;2416950000000000,00;rennen
1682350000000000000,00;2438540000000000,00;-1372810000000000,00;-4053710000000000,00;2024600000000000,00;rennen
1682350000000000000,00;2448540000000000,00;46540300000000000,00;-3731500000000000,00;1004830000000000,00;rennen
1682350000000000000,00;24585400000000,00;4382610000000000,00;-3418680000000000,00;11011300000000000,00;rennen
1682350000000000000,00;2468540000000000,00;-6623460000000000,00;-3319560000000000,00;14608700000000000,00;rennen
1682350000000000000,00;247854000000000,00;-1543890000000000,00;-2615730000000000,00;1948020000000000,00;rennen
1682350000000000000,00;2488530000000000,00;-24001700000000000,00;-2106380000000000,00;2621150000000000,00;rennen
1682350000000000000,00;2498530000000,00;-3041060000000000,00;-1523720000000000,00;3094490000000000,00;rennen
1682350000000000000,00;2508530000000000,00;-3992880000000000,00;-1566000000000000,00;3199340000000000,00;rennen
1682350000000000000,00;2518530000000000,00;-45368200000000000,00;-15392900000000000,00;30458500000000000,00;rennen
1682350000000000000,00;252853000000000,00;-4529890000000000,00;-12696000000000000,00;24208500000000000,00;rennen
1682350000000000000,00;253853000000000,00;-3590240000000000,00;-12984600000000000,00;22975700000000000,00;rennen
1682350000000000000,00;254853000000000,00;-28917500000000000,00;-10009600000000000,00;16573600000000000,00;rennen
1682350000000000000,00;2558530000000000,00;-18369800000000000,00;-967301000000000,00;16417800000000000,00;rennen
1682350000000000000,00;2568530000000,00;-143036000000000,00;-1196600000000000,00;17522900000000000,00;rennen
1682350000000000000,00;2578520000000000,00;-14774200000000000,00;-11328000000000000,00;11501200000000000,00;rennen
1682350000000000000,00;2588520000000000,00;-32697600000000000,00;-4256990000000000,00;6581620000000000,00;rennen
1682350000000000000,00;259852000000000,00;-4820830000000000,00;-37757200000000000,00;3176050000000000,00;rennen
1682350000000000000,00;2608520000000000,00;-5750370000000000,00;54701000000000000,00;6418750000000000,00;rennen
1682350000000000000,00;2618520000000000,00;-5940940000000000,00;6748050000000000,00;15170100000000000,00;rennen
1682350000000000000,00;26285200000000,00;-5297650000000000,00;1004520000000000,00;11970200000000000,00;rennen
1682350000000000000,00;2638520000000000,00;-35321700000000000,00;6770380000000000,00;-5118560000000000,00;rennen
1682350000000000000,00;264852000000000,00;-17659500000000000,00;30155100000000000,00;-1397630000000000,00;rennen
1682350000000000000,00;265852000000000,00;-9067340000000000,00;3419630000000000,00;-2041840000000000,00;rennen
1682350000000000000,00;2668510000000000,00;14745700000000000,00;3986290000000000,00;-2533530000000000,00;rennen
1682350000000000000,00;26785100000000,00;10378200000000000,00;14193200000000000,00;-17675700000000000,00;rennen
1682350000000000000,00;268851000000,00;23145700000000000,00;7475170000000000,00;-15534900000000000,00;rennen
1682350000000000000,00;2698510000000000,00;-8135220000000000,00;11071100000000000,00;-4827630000000000,00;rennen
1682350000000000000,00;270851000000000,00;-15467300000000000,00;986640000000000,00;6401220000000000,00;rennen
1682350000000000000,00;2718510000000000,00;-3380150000000000,00;5418140000000000,00;1537970000000000,00;rennen
1682350000000000000,00;2728510000000000,00;-4949060000000000,00;-42373000000000000,00;-1840860000000000,00;rennen
1682350000000000000,00;2738510000000,00;-10492500000000000,00;11846100000000000,00;9254140000000000,00;rennen
1682350000000000000,00;2748500000000000,00;-608429000000000,00;8421620000000000,00;3966320000000000,00;rennen
1682350000000000000,00;2758500000000000,00;-29259600000000000,00;5797860000000000,00;6136070000000000,00;rennen
1682350000000000000,00;276850000000000,00;-43879200000000000,00;925855000000000,00;3458450000000000,00;rennen
1682350000000000000,00;2778500000000000,00;-6779490000000000,00;27402800000000000,00;-822185000000000,00;rennen
1682350000000000000,00;27885,00;-569728000000000,00;12543400000000000,00;-29455800000000000,00;rennen
1682350000000000000,00;27985000000000,00;-3465000000000000,00;8879270000000000,00;-19605500000000000,00;rennen
1682350000000000000,00;280850000000000,00;-3170300000000000,00;1054840000000000,00;-13160900000000000,00;rennen
1682350000000000000,00;2818500000000000,00;-435760000000000,00;16508000000000000,00;-1682220000000000,00;rennen
1682350000000000000,00;2828490000000000,00;-6309030000000000,00;14628800000000000,00;-20161600000000000,00;rennen
1682350000000000000,00;2838490000000000,00;-9337090000000000,00;11042000000000000,00;-9459470000000000,00;rennen
1682350000000000000,00;2848490000000000,00;-5612700000000000,00;19358200000000000,00;24727700000000000,00;rennen
1682350000000000000,00;28584900000000,00;-2699590000000000,00;36722000000000000,00;25831500000000000,00;rennen
1682350000000000000,00;286849000000000,00;-3063340000000000,00;4502300000000000,00;3253840000000000,00;rennen
1682350000000000000,00;287849000000000,00;-6129830000000000,00;41687300000000000,00;3743580000000000,00;rennen
1682350000000000000,00;28884900000000,00;-9863700000000000,00;2987680000000000,00;17764400000000000,00;rennen
1682350000000000000,00;2898490000000000,00;-7106450000000000,00;2600320000000000,00;11707400000000000,00;rennen
1682350000000000000,00;2908480000000000,00;-4872910000000000,00;4690940000000000,00;-49682000000000000,00;rennen
1682350000000000000,00;2918480000000000,00;-34047800000000000,00;321209000000000,00;12792300000000000,00;rennen
1682350000000000000,00;2928480000000,00;1655730000000000,00;12242800000000000,00;47418700000000000,00;rennen
1682350000000000000,00;293848000000000,00;36071300000000000,00;13810300000000000,00;6440660000000000,00;rennen
1682350000000000000,00;294848000000000,00;14665600000000000,00;13254400000000000,00;6176510000000000,00;rennen
1682350000000000000,00;2958480000000000,00;-3641360000000,00;23663700000000000,00;25707800000000000,00;rennen
1682350000000000000,00;2968480000000000,00;-6373450000000000,00;-19844300000000000,00;21653500000000000,00;rennen
1682350000000000000,00;297848000000000,00;-46653100000000000,00;-9292660000000000,00;5285270000000000,00;rennen
1682350000000000000,00;2988470000000000,00;-4764220000000000,00;38827500000000000,00;7660130000000000,00;rennen
1682350000000000000,00;29984700000000,00;-8232780000000000,00;1607410000000000,00;6438040000000000,00;rennen
1682350000000000000,00;300847000000000,00;-24402500000000000,00;-13250400000000000,00;14634300000000000,00;rennen
1682350000000000000,00;3018470000000000,00;25007200000000000,00;-19072800000000000,00;731716000000000,00;rennen
1682350000000000000,00;3028470000000000,00;-11761300000000000,00;-2266390000000000,00;5684070000000000,00;rennen
1682350000000000000,00;303846875,00;6594280000000000,00;-23553400000000000,00;1075470000000000,00;rennen
1682350000000000000,00;304847000000000,00;12310500000000000,00;-2692680000000000,00;3132020000000000,00;rennen
1682350000000000000,00;3058470000000000,00;7034590000000000,00;-20895900000000000,00;2362780000000000,00;rennen
1682350000000000000,00;3068470000000000,00;-3587060000000000,00;-15466100000000000,00;21422000000000000,00;rennen
1682350000000000000,00;3078460000000000,00;-2113110000000000,00;-17109900000000000,00;4105670000000000,00;rennen
1682350000000000000,00;308846000000000,00;-36812900000000000,00;-18200600000000000,00;5382050000000000,00;rennen
1682350000000000000,00;309846000000000,00;-466742000000000,00;-17659700000000000,00;5591270000000000,00;rennen
1682350000000000000,00;31084600000000,00;-5574250000000000,00;-13596800000000000,00;5521010000000000,00;rennen
1682350000000000000,00;3118460000000000,00;-6353540000000000,00;-9422890000000000,00;5189400000000000,00;rennen
1682350000000000000,00;3128460000000000,00;-6538750000000000,00;4497840000000000,00;23635700000000000,00;rennen
1682350000000000000,00;3138460000000000,00;-5286620000000000,00;1294120000000000,00;-22814600000000000,00;rennen
1682350000000000000,00;3148460000000,00;-2418220000000000,00;-1950680000000000,00;15788600000000000,00;rennen
1682350000000000000,00;315845000000000,00;-10509500000000000,00;5350010000000000,00;26313200000000000,00;rennen
1682350000000000000,00;3168450000000000,00;6511550000000000,00;1632660000000000,00;3230170000000000,00;rennen
1682350000000000000,00;3178450000000000,00;-28216600000000,00;25247900000000000,00;31562100000000000,00;rennen
1682350000000000000,00;3188450000000000,00;1102990000000000,00;3386900000000000,00;26859800000000000,00;rennen
1682350000000000000,00;319845000000000,00;17162000000000000,00;4673000000000000,00;2054600000000000,00;rennen
1682350000000000000,00;3208450000000,00;26062500000000000,00;5196970000000000,00;7627700000000000,00;rennen
1682350000000000000,00;32184500000000,00;39826600000000000,00;6709560000000000,00;-7633690000000000,00;rennen
1682350000000000000,00;322844000000000,00;475675000000000,00;7029360000000000,00;-30428700000000000,00;rennen
1682350000000000000,00;3238440000000000,00;6767210000000000,00;7260100000000000,00;-6126900000000000,00;rennen
1682350000000000000,00;32484400000000,00;7905560000000000,00;7859540000000000,00;-7990910000000000,00;rennen
1682350000000000000,00;3258440000000000,00;8728920000000000,00;9278340000000000,00;-9090290000000000,00;rennen
1682350000000000000,00;3268440000000000,00;7141530000000000,00;1133010000000000,00;-10679200000000000,00;rennen
1682350000000000000,00;32784400000000,00;4710050000000000,00;13037800000000000,00;-12228200000000000,00;rennen
1682350000000000000,00;328844000000000,00;16832600000000000,00;14914000000000000,00;-1287210000000000,00;rennen
1682350000000000000,00;329844000000000,00;4294910000000000,00;16009000000000000,00;-1287530000000000,00;rennen
1682350000000000000,00;3308430000000000,00;22854300000000000,00;16654600000000000,00;-12968400000000000,00;rennen
1682350000000000000,00;331843000000,00;5888790000000000,00;1672590000000000,00;-12964500000000000,00;rennen
1682350000000000000,00;3328430000000000,00;9460110000000000,00;1643950000000000,00;-12723200000000000,00;rennen
1682350000000000000,00;333843000000000,00;1186400000000000,00;1564510000000000,00;-12072200000000000,00;rennen
1682350000000000000,00;33484296875,00;13268300000000000,00;14978000000000000,00;-12213400000000000,00;rennen
1682350000000000000,00;3358430000000000,00;1510160000000000,00;15750600000000000,00;-13913400000000000,00;rennen
1682350000000000000,00;336843000000000,00;17482200000000000,00;17157100000000000,00;-13623100000000000,00;rennen
1682350000000000000,00;3378430000000000,00;20284500000000000,00;19793600000000000,00;-11626900000000000,00;rennen
1682350000000000000,00;33884200000000,00;229091000000000,00;22418400000000000,00;-7391740000000000,00;rennen
1682350000000000000,00;339842000000000,00;25470000000000000,00;23392500000000000,00;-20544600000000000,00;rennen
1682350000000000000,00;340842000000000,00;2750620000000000,00;21455100000000000,00;19772800000000000,00;rennen
1682350000000000000,00;3418420000000000,00;2980280000000000,00;16348200000000000,00;3523520000000000,00;rennen
1682350000000000000,00;3428420000000000,00;3261210000000000,00;9065180000000000,00;15294400000000000,00;rennen
1682350000000000000,00;343842000000000,00;3239430000000000,00;17298700000000000,00;-19471000000000000,00;rennen
1682350000000000000,00;344842000000000,00;29509000000000000,00;-44297300000000000,00;-46538600000000000,00;rennen
1682350000000000000,00;3458420000000,00;25471000000000000,00;-9667780000000000,00;-5630690000000000,00;rennen
1682350000000000000,00;3468410000000000,00;21545100000000000,00;-14913600000000000,00;-46501100000000,00;rennen
1682350000000000000,00;3478410000000000,00;15794600000000000,00;-2087850000000000,00;-14194800000000000,00;rennen
1682350000000000000,00;3488410000000000,00;863224000000000,00;-2560960000000000,00;2249540000000000,00;rennen
1682350000000000000,00;34984100000000,00;10329400000000000,00;-31036000000000000,00;6504560000000000,00;rennen
1682350000000000000,00;350841000000000,00;-4560650000000000,00;-36138500000000000,00;7866870000000000,00;rennen
1682350000000000000,00;351841000000000,00;-985599000000000,00;-4569590000000000,00;1035860000000000,00;rennen
1682350000000000000,00;3528410000000000,00;-17863900000000000,00;-5698240000000000,00;8944010000000000,00;rennen
1682350000000000000,00;353840625,00;-3159590000000000,00;-6063740000000000,00;942795000000000,00;rennen
1682350000000000000,00;3548410000000000,00;-4171990000000000,00;-62525000000000000,00;5832880000000000,00;rennen
1682350000000000000,00;3558400000000,00;-5014740000000000,00;-6411270000000000,00;20551200000000000,00;rennen
1682350000000000000,00;3568400000000000,00;-5927840000000000,00;-61971100000000000,00;304973000000000,00;rennen
1682350000000000000,00;3578400000000000,00;-6518730000000000,00;-55844500000000000,00;3333480000000000,00;rennen
1682350000000000000,00;3588400000000000,00;-607921000000000,00;-5014780000000000,00;38696500000000000,00;rennen
1682350000000000000,00;3598400000000000,00;-4782530000000000,00;-46189400000000000,00;4074440000000000,00;rennen
1682350000000000000,00;3608400000000000,00;-28744900000000000,00;-4324710000000000,00;3960840000000000,00;rennen
1682350000000000000,00;3618400000000000,00;-1545420000000000,00;-4069530000000000,00;39107600000000000,00;rennen
1682350000000000000,00;3628400000000000,00;22587700000000000,00;-3811910000000000,00;3856150000000000,00;rennen
1682350000000000000,00;3638400000000000,00;2858220000000000,00;-3615280000000000,00;38199900000000000,00;rennen
1682350000000000000,00;36484000000000,00;5566930000000000,00;-3261140000000000,00;3777590000000,00;rennen
1682350000000000000,00;365839000000,00;698532000000000,00;-26507600000000000,00;3265720000000000,00;rennen
1682350000000000000,00;36683900000000,00;7055410000000000,00;-18293300000000000,00;27197000000000000,00;rennen
1682350000000000000,00;3678390000000000,00;7082770000000000,00;-8998250000000000,00;2189010000000000,00;rennen
1682350000000000000,00;3688390000000000,00;5342910000000000,00;-16800200000000000,00;1615650000000000,00;rennen
1682350000000000000,00;3698390000000000,00;3727810000000000,00;5519720000000000,00;12146400000000000,00;rennen
1682350000000000000,00;370839000000000,00;30417100000000000,00;11236100000000000,00;9818940000000000,00;rennen
1682350000000000000,00;371839000000000,00;29711300000000000,00;161295000000000,00;5809110000000000,00;rennen
1682350000000000000,00;372839000000000,00;32025800000000000,00;2085100000000000,00;16139500000000000,00;rennen
1682350000000000000,00;373839000000000,00;3390890000000000,00;26484100000000000,00;-499163000000000,00;rennen
1682350000000000000,00;3748390000000000,00;3170680000000000,00;3363220000000000,00;-9810600000000000,00;rennen
1682350000000000000,00;3758390000000000,00;2739930000000000,00;4052620000000000,00;-12802500000000000,00;rennen
1682350000000000000,00;3768380000000000,00;18309800000000000,00;45650100000000,00;-16363300000000000,00;rennen
1682350000000000000,00;37783800000000,00;1487270000000000,00;4903600000000000,00;-19288900000000000,00;rennen
1682350000000000000,00;37883828125,00;1755400000000000,00;5020310000000000,00;-18780700000000000,00;rennen
1682350000000000000,00;37983800000000,00;16569900000000000,00;5008810000000000,00;-20866000000000000,00;rennen
1682350000000000000,00;3808380000000,00;9987730000000000,00;4766800000000000,00;-24652500000000000,00;rennen
1682350000000000000,00;38183800000000,00;6873420000000000,00;41143500000000000,00;-28806200000000000,00;rennen
1682350000000000000,00;382838000000,00;1108010000000000,00;33000700000000000,00;-34391700000000000,00;rennen
1682350000000000000,00;38383800000000,00;16208900000000000,00;26191900000000000,00;-40653800000000000,00;rennen
1682350000000000000,00;3848380000000,00;20819700000000000,00;2162770000000000,00;-426377000000,00;rennen
1682350000000000000,00;3858380000000000,00;252491000000000,00;1826370000000000,00;-4045120000000000,00;rennen
1682350000000000000,00;3868370000000000,00;3056970000000000,00;15096000000000000,00;-3222100000000000,00;rennen
1682350000000000000,00;387837000000000,00;41041600000000000,00;12274300000000000,00;-179838000000000,00;rennen
1682350000000000000,00;3888370000000000,00;48995400000000000,00;856987000000000,00;-5787020000000000,00;rennen
1682350000000000000,00;389837000000,00;54071100000000000,00;39528700000000000,00;2809540000000000,00;rennen
1682350000000000000,00;39083700000000,00;6069670000000000,00;-9944760000000000,00;12245800000000000,00;rennen
1682350000000000000,00;391837000000000,00;6394880000000000,00;-6457640000000000,00;20970500000000000,00;rennen
1682350000000000000,00;3928370000000000,00;57428200000000000,00;-1112060000000000,00;25910900000000000,00;rennen
1682350000000000000,00;3938370000000000,00;4453420000000000,00;-1621800000000000,00;31878200000000000,00;rennen
1682350000000000000,00;3948360000000000,00;27478200000000000,00;-22328200000000000,00;3664140000000000,00;rennen
1682350000000000000,00;3958360000000000,00;11992900000000000,00;-2744700000000000,00;3856440000000000,00;rennen
1682350000000000000,00;39683600000000,00;21747200000000000,00;-3425510000000000,00;3901500000000000,00;rennen
1682350000000000000,00;397836000000000,00;-1666780000000000,00;-4299660000000000,00;3371550000000000,00;rennen
1682350000000000000,00;398836000000000,00;-543941000000000,00;-5240510000000000,00;2201510000000000,00;rennen
1682350000000000000,00;3998360000000000,00;-32618600000000000,00;-6485160000000000,00;13749600000000000,00;rennen
1682350000000000000,00;4008360000000,00;-22514800000000000,00;-7936630000000000,00;9914510000000000,00;rennen
1682350000000000000,00;4018360000000000,00;-4847250000000000,00;-821799000000000,00;3838810000000000,00;rennen
1682350000000000000,00;402835000000000,00;-6911280000000000,00;-7967490000000000,00;8334300000000000,00;rennen
1682350000000000000,00;4038350000000000,00;-8513120000000000,00;-7672930000000000,00;15510300000000000,00;rennen
1682350000000000000,00;4048350000000000,00;-8555850000000000,00;-70132600000000,00;10895300000000000,00;rennen
1682350000000000000,00;4058350000000000,00;-787153000000000,00;-6562550000000000,00;8470110000000000,00;rennen
1682350000000000000,00;4068350000000000,00;-5722060000000000,00;-6459400000000000,00;11517700000000000,00;rennen
1682350000000000000,00;40783500000000,00;-3071400000000000,00;-63429000000000000,00;20863100000000000,00;rennen
1682350000000000000,00;408835000000000,00;-13158900000000000,00;-60652700000000000,00;2759740000000000,00;rennen
1682350000000000000,00;409835000000000,00;-22821100000000000,00;-5541110000000000,00;3300040000000000,00;rennen
1682350000000000000,00;4108340000000000,00;5184880000000000,00;-5081210000000000,00;40775400000000000,00;rennen
1682350000000000000,00;4118340000000000,00;1259160000000000,00;-45610900000000000,00;4657560000000000,00;rennen
1682350000000000000,00;412834000000000,00;1792630000000000,00;-39074000000000000,00;5023370000000000,00;rennen
1682350000000000000,00;4138340000000000,00;22881100000000000,00;-32335500000000000,00;5454550000000000,00;rennen
1682350000000000000,00;4156480000000000,00;3770510000000000,00;-17482700000000,00;57474400000000000,00;rennen
1682350000000000000,00;4166480000000000,00;4356640000000000,00;-8248100000000000,00;5522150000000000,00;rennen
1682350000000000000,00;4176480000000000,00;42606800000000000,00;-6238330000000000,00;5111770000000000,00;rennen
1682350000000000000,00;418648000000000,00;339348000000000,00;4041880000000000,00;4370700000000000,00;rennen
1682350000000000000,00;4196480000000,00;22771800000000000,00;7592440000000000,00;3598310000000000,00;rennen
1682350000000000000,00;42064800000000,00;19412700000000000,00;12156200000000000,00;30161600000000000,00;rennen
1682350000000000000,00;4216480000000000,00;2556240000000000,00;1806120000000000,00;2615470000000000,00;rennen
1682350000000000000,00;4226470000000000,00;364002000000000,00;24430800000000000,00;2499920000000000,00;rennen
1682350000000000000,00;42364700000000,00;41408000000000,00;28698200000000000,00;23241700000000000,00;rennen
1682350000000000000,00;4246470000000000,00;4208660000000000,00;32886900000000000,00;18392900000000000,00;rennen
1682350000000000000,00;425647000000000,00;4298700000000000,00;351847000000000,00;15182300000000000,00;rennen
1682350000000000000,00;42664700000000,00;427797000000000,00;38150400000000000,00;11504700000000000,00;rennen
1682350000000000000,00;4276470000000000,00;406724000000000,00;41140700000000000,00;7576190000000000,00;rennen
1682350000000000000,00;4286470000000000,00;37292100000000000,00;4325270000000000,00;2306040000000000,00;rennen
1682350000000000000,00;4296470000000000,00;3868900000000000,00;44450500000000000,00;-16006600000000000,00;rennen
1682350000000000000,00;4306460000000000,00;4401580000000000,00;4461080000000000,00;-25579600000000000,00;rennen
1682350000000000000,00;431646000000000,00;4891950000000000,00;4342990000000000,00;-1173420000000000,00;rennen
1682350000000000000,00;4326460000000000,00;5186740000000000,00;3907450000000000,00;26897900000000000,00;rennen
1682350000000000000,00;43364609375,00;5198610000000000,00;31846600000000000,00;-1917560000000000,00;rennen
1682350000000000000,00;434646000000000,00;516986000000000,00;24139700000000000,00;-6225770000000000,00;rennen
1682350000000000000,00;4356460000000000,00;540602000000000,00;1648920000000000,00;-5905560000000000,00;rennen
1682350000000000000,00;436646000000,00;5638370000000000,00;8883900000000000,00;13908100000000000,00;rennen
1682350000000000000,00;4376460000000000,00;5414190000000000,00;41375000000000000,00;1074730000000000,00;rennen
1682350000000000000,00;438645000000000,00;46365600000000000,00;-7818500000000000,00;19248400000000000,00;rennen
1682350000000000000,00;4396450000000000,00;3551760000000000,00;-1464880000000000,00;27804700000000000,00;rennen
1682350000000000000,00;44064500000000,00;27846400000000000,00;-194956000000000,00;3516920000000000,00;rennen
1682350000000000000,00;4416450000000000,00;25109100000000000,00;-24302900000000000,00;40050700000000000,00;rennen
1682350000000000000,00;4426450000000000,00;23779300000000000,00;-32527000000000000,00;4355040000000000,00;rennen
1682350000000000000,00;4436450000000000,00;20065900000000000,00;-3843060000000000,00;40830500000000000,00;rennen
1682350000000000000,00;4446450000000000,00;16043600000000000,00;-4175500000000000,00;37625600000000000,00;rennen
1682350000000000000,00;445645000000000,00;9326890000000000,00;-4645130000000000,00;3829540000000000,00;rennen
1682350000000000000,00;4466440000000000,00;14080600000000000,00;-46540900000000000,00;3260440000000000,00;rennen
1682350000000000000,00;4476440000000,00;-846978000000000,00;-44071000000000000,00;2320860000000000,00;rennen
1682350000000000000,00;4486440000000000,00;29709500000000000,00;-4620530000000000,00;14310100000000000,00;rennen
1682350000000000000,00;449644000000000,00;6546940000000000,00;-5234960000000000,00;604810000000000,00;rennen
1682350000000000000,00;4506440000000,00;-19791500000000000,00;-5939960000000000,00;-31358000000000000,00;rennen
1682350000000000000,00;45164400000000,00;-2313090000000000,00;-6584920000000000,00;-10693400000000000,00;rennen
1682350000000000000,00;4526440000000000,00;-47678900000000000,00;-6895580000000000,00;-10122200000000000,00;rennen
1682350000000000000,00;4536440000000000,00;-6847150000000000,00;-6620230000000000,00;-9590130000000000,00;rennen
1682350000000000000,00;45464300000000,00;-7692110000000000,00;-6531880000000,00;-10579200000000000,00;rennen
1682350000000000000,00;455643000000,00;-6710790000000000,00;-6625380000000000,00;-15893400000000000,00;rennen
1682350000000000000,00;456643000000000,00;-4689120000000000,00;-6632350000000000,00;-19969500000000000,00;rennen
1682350000000000000,00;4576430000000000,00;-2890020000000000,00;-6429450000000000,00;-1830010000000000,00;rennen
1682350000000000000,00;45864296875,00;-22554500000000000,00;-6076530000000000,00;-11113000000000000,00;rennen
1682350000000000000,00;4596430000000000,00;-2258890000000000,00;-5607360000000000,00;-1058260000000000,00;rennen
1682350000000000000,00;460643000000000,00;-19857000000000000,00;-50942200000000000,00;113697000000000,00;rennen
1682350000000000000,00;461643000000,00;-10473000000000000,00;-4522130000000000,00;2636800000000000,00;rennen
1682350000000000000,00;46264200000000,00;4866680000000000,00;-3616700000000000,00;4190910000000000,00;rennen
1682350000000000000,00;4636420000000000,00;16870500000000000,00;-2709890000000000,00;5237050000000000,00;rennen
1682350000000000000,00;464642000000000,00;26119900000000000,00;-1762850000000000,00;58404700000000000,00;rennen
1682350000000000000,00;465642000000000,00;3041400000000000,00;-8715020000000000,00;57651500000000000,00;rennen
1682350000000000000,00;466642000000000,00;31471800000000000,00;-3571490000000000,00;51359900000000000,00;rennen
1682350000000000000,00;467642000000000,00;3207370000000000,00;6366430000000000,00;46319600000000000,00;rennen
1682350000000000000,00;4686420000000000,00;3221840000000000,00;13550600000000000,00;4280660000000000,00;rennen
1682350000000000000,00;469642000000000,00;30411200000000000,00;21383400000000000,00;39081900000000000,00;rennen
1682350000000000000,00;470642000000000,00;28420600000000000,00;27318600000000000,00;32811200000000000,00;rennen
1682350000000000000,00;471642000000000,00;2855570000000000,00;29186300000000000,00;26469800000000000,00;rennen
1682350000000000000,00;472641000000000,00;27120600000000000,00;30293100000000000,00;17065300000000000,00;rennen
1682350000000000000,00;473641000000000,00;2876390000000000,00;31841700000000000,00;59957500000000000,00;rennen
1682350000000000000,00;474641000000000,00;33151800000000000,00;33469200000000000,00;-416447000000000,00;rennen
1682350000000000000,00;4756410000000000,00;3764630000000000,00;3659540000000000,00;-14429400000000000,00;rennen
1682350000000000000,00;4766410000000000,00;4022640000000000,00;384413000000000,00;-19638700000000000,00;rennen
1682350000000000000,00;4776410000000000,00;4355250000000000,00;3850620000000000,00;-2058330000000000,00;rennen
1682350000000000000,00;47864100000000,00;4904110000000000,00;37139800000000000,00;-18106200000000000,00;rennen
1682350000000000000,00;4796410000000000,00;53737400000000000,00;3424210000000000,00;-12699600000000000,00;rennen
1682350000000000000,00;4806410000000000,00;5505370000000000,00;3012720000000000,00;-5882210000000000,00;rennen
1682350000000000000,00;481640625,00;5246540000000000,00;25253900000000000,00;7652160000000000,00;rennen
1682350000000000000,00;48264100000000,00;4986350000000000,00;19649600000000000,00;6725550000000000,00;rennen
1682350000000000000,00;4836400000000000,00;4719870000000000,00;12386300000000000,00;10801600000000000,00;rennen
1682350000000000000,00;48464000000000,00;43124200000000000,00;38453700000000000,00;12720500000000000,00;rennen
1682350000000000000,00;485640000000,00;3775780000000000,00;-4028980000000000,00;13952700000000000,00;rennen
1682350000000000000,00;48664000000000,00;3130600000000000,00;-11340400000000000,00;16746400000000000,00;rennen
1682350000000000000,00;4876400000000000,00;24850800000000000,00;-1714610000000000,00;21008200000000000,00;rennen
1682350000000000000,00;48864000000000,00;18143900000000000,00;-23294300000000000,00;2656940000000000,00;rennen
1682350000000000000,00;48963984375,00;9144000000000000,00;-29708700000000000,00;2995500000000000,00;rennen
1682350000000000000,00;49064000000000,00;30898000000000000,00;-31531000000000000,00;28351500000000000,00;rennen
1682350000000000000,00;4916400000000000,00;-91900100000000,00;-3073450000000000,00;245627000000000,00;rennen
1682350000000000000,00;49264000000000,00;-164130000000000,00;-3228430000000000,00;2437820000000000,00;rennen
1682350000000000000,00;493639000000,00;-1833240000000000,00;-3509710000000000,00;2497680000000000,00;rennen
1682350000000000000,00;49463900000000,00;-120682000000000,00;-37375700000000000,00;21384800000000000,00;rennen
1682350000000000000,00;4956390000000000,00;-1875160000000000,00;-40447800000000000,00;13892500000000000,00;rennen
1682350000000000000,00;496639000000000,00;6825920000000000,00;-44076400000000000,00;4560980000000000,00;rennen
1682350000000000000,00;49763900000000,00;6966710000000000,00;-49503900000000000,00;-38149000000000000,00;rennen
1682350000000000000,00;4986390000000,00;-4386580000000000,00;-5593400000000000,00;-9160710000000000,00;rennen
1682350000000000000,00;4996390000000000,00;-22349500000000000,00;-5727150000000000,00;-13582000000000000,00;rennen
1682350000000000000,00;5006390000000000,00;-3660910000000000,00;-520208000000000,00;-15672200000000000,00;rennen
1682350000000000000,00;5016390000000000,00;-4330180000000000,00;-46859300000000000,00;-1183360000000000,00;rennen
1682350000000000000,00;5026380000000000,00;-38496000000000000,00;-43686200000000000,00;-6224590000000000,00;rennen
1682350000000000000,00;503638000000000,00;-2858520000000000,00;-39390900000000000,00;-5406440000000000,00;rennen
1682350000000000000,00;5046380000000,00;-2406050000000000,00;-34609800000000000,00;-4830480000000000,00;rennen
1682350000000000000,00;50563800000000,00;-24050400000000000,00;-29913400000000000,00;-3012810000000000,00;rennen
1682350000000000000,00;506638000000000,00;-2331000000000000,00;-25479300000000000,00;1379690000000000,00;rennen
1682350000000000000,00;5076380000000000,00;-1737790000000000,00;-2117750000000000,00;8358270000000000,00;rennen
1682350000000000000,00;5086380000000000,00;-6417580000000000,00;-1637140000000000,00;15703700000000000,00;rennen
1682350000000000000,00;5096370000000000,00;4688480000000000,00;-10913800000000000,00;2164030000000000,00;rennen
1682350000000000000,00;5106370000000000,00;1546990000000000,00;-4093800000000000,00;26882600000000000,00;rennen
1682350000000000000,00;51163700000000,00;26065000000000000,00;3006800000000000,00;30581600000000000,00;rennen
1682350000000000000,00;5126370000000000,00;3241560000000000,00;9724040000000000,00;29906900000000000,00;rennen
1682350000000000000,00;513637000000000,00;33156100000000000,00;16848200000000000,00;25595400000000000,00;rennen
1682350000000000000,00;5146370000000000,00;3310330000000000,00;23011000000000000,00;21523300000000000,00;rennen
1682350000000000000,00;5156370000000000,00;3367010000000000,00;27257800000000000,00;18117100000000000,00;rennen
1682350000000000000,00;516637000000000,00;32981000000000000,00;29236400000000000,00;12298000000000000,00;rennen
1682350000000000000,00;517636000000000,00;324093000000000,00;29456800000000000,00;37624300000000000,00;rennen
1682350000000000000,00;5186360000000000,00;30682800000000000,00;27355300000000000,00;-6738870000000000,00;rennen
1682350000000000000,00;5196360000000000,00;27427500000000000,00;24099400000000000,00;-1718670000000000,00;rennen
1682350000000000000,00;520636000000000,00;22769300000000000,00;2079800000000000,00;-25905400000000000,00;rennen
1682350000000000000,00;5216360000000000,00;165079000000000,00;17864100000000000,00;-3211680000000000,00;rennen
1682350000000000000,00;52263600000000,00;8134110000000000,00;1514580000000000,00;-3403040000000000,00;rennen
1682350000000000000,00;523636000000000,00;9757770000000000,00;11760900000000000,00;-3385500000000000,00;rennen
